m3_67.oml;1957;device-10;true
m3_68.oml;2855;device-07 true;
m3_69.oml;a689;device-04;true
m3_70.oml;a070;device-08;true
m3_71.oml;1654;device-03;true
m3_72.oml;uuuu;device-01;true
m3_100.oml;9989;device-12;true
m3_101.oml;b870;device-17;true
m3_102.oml;1859;device-09;true
m3_103.oml;958;device-00;true
m3_104.oml;1359;device-16;true
m3_105.oml;3458;device-06;true
m3_106.oml;a871;device-18;true
m3_107.oml;759;device-13;true
m3_108.oml;1658;device-05;true
m3_109.oml;8673;device-02;true
m3_110.oml;8573;device-14;true
m3_111.oml;2257;device-11;true
m3_206.oml;2850;device-15;true
