m3_10.oml;9387;device-15;true
m3_11.oml;8984;device-01;true
m3_12.oml;9588;device-00;true
m3_13.oml;b384;device-16;true
m3_14.oml;b187;device-12;true
m3_15.oml;9488;device-17;false
m3_16.oml;9385;device-04;true
m3_17.oml;b585;device-06;true
m3_18.oml;a587;device-09;true
m3_19.oml;9083;device-07;true
m3_20.oml;b786;device-11;true
m3_21.oml;a385;device-02;true
m3_22.oml;a488;device-14;true
m3_23.oml;a984;device-08;true
m3_24.oml;9084;device-18;false
m3_25.oml;a187;device-13;true
m3_26.oml;b685;device-10;true
m3_27.oml;a185;device-03;true
m3_28.oml;a586;device-05;true
