3;04-03-2025 02:47:58.278;04-03-2025 02:47:43.351;14927
3;04-03-2025 02:49:28.276;04-03-2025 02:49:18.319;9957
3;04-03-2025 02:57:03.279;04-03-2025 02:56:48.321;14958
3;04-03-2025 03:03:53.278;04-03-2025 03:03:38.325;14953
2;04-03-2025 05:14:58.621;04-03-2025 05:14:58.584;37
1;04-03-2025 05:19:22.040;04-03-2025 05:19:18.502;3538
1;04-03-2025 05:19:34.887;04-03-2025 05:19:33.461;1426
2;04-03-2025 05:48:11.991;04-03-2025 05:48:08.749;3242
2;04-03-2025 05:48:15.609;04-03-2025 05:48:13.533;2076
1;04-03-2025 05:48:36.793;04-03-2025 05:48:33.352;3441
2;04-03-2025 05:48:37.100;04-03-2025 05:48:33.688;3412
3;04-03-2025 05:49:58.282;04-03-2025 05:49:43.325;14957
3;04-03-2025 05:54:08.283;04-03-2025 05:53:53.383;14900
3;04-03-2025 06:20:13.282;04-03-2025 06:19:58.362;14920
3;04-03-2025 06:21:53.282;04-03-2025 06:21:38.327;14955
3;04-03-2025 06:59:13.283;04-03-2025 06:58:58.345;14938
3;04-03-2025 07:06:03.282;04-03-2025 07:05:48.317;14965
2;04-03-2025 09:26:27.460;04-03-2025 09:26:25.913;1547
3;04-03-2025 10:15:23.282;04-03-2025 10:15:08.498;14784
3;04-03-2025 10:15:33.520;04-03-2025 10:15:23.498;10022
3;04-03-2025 10:15:43.539;04-03-2025 10:15:23.498;20041
3;04-03-2025 10:15:53.557;04-03-2025 10:15:23.498;30059
3;04-03-2025 10:16:33.282;04-03-2025 10:16:18.495;14787
3;04-03-2025 10:16:43.532;04-03-2025 10:16:33.508;10024
3;04-03-2025 10:16:53.557;04-03-2025 10:16:33.508;20049
3;04-03-2025 10:17:03.578;04-03-2025 10:16:33.508;30070
3;04-03-2025 10:17:14.245;04-03-2025 10:17:04.219;10026
0;04-03-2025 10:17:35.202;04-03-2025 10:17:33.410;1792
3;04-03-2025 10:17:38.283;04-03-2025 10:17:23.466;14817
3;04-03-2025 10:17:48.571;04-03-2025 10:17:38.552;10019
0;04-03-2025 10:17:49.123;04-03-2025 10:17:38.674;10449
3;04-03-2025 10:18:08.282;04-03-2025 10:17:53.462;14820
3;04-03-2025 10:18:38.283;04-03-2025 10:18:23.525;14758
3;04-03-2025 10:18:48.527;04-03-2025 10:18:38.501;10026
3;04-03-2025 10:18:58.550;04-03-2025 10:18:38.501;20049
3;04-03-2025 10:19:08.572;04-03-2025 10:18:38.501;30071
3;04-03-2025 10:19:18.592;04-03-2025 10:18:38.501;40091
0;04-03-2025 10:19:22.433;04-03-2025 10:19:21.275;1158
3;04-03-2025 10:19:28.275;04-03-2025 10:19:18.786;9489
3;04-03-2025 10:19:38.280;04-03-2025 10:19:18.786;19494
0;04-03-2025 10:19:47.252;04-03-2025 10:19:38.426;8826
3;04-03-2025 10:19:48.297;04-03-2025 10:19:18.786;29511
0;04-03-2025 10:19:55.580;04-03-2025 10:19:53.417;2163
3;04-03-2025 10:19:58.317;04-03-2025 10:19:18.786;39531
0;04-03-2025 10:19:59.024;04-03-2025 10:19:53.417;5607
0;04-03-2025 10:20:02.472;04-03-2025 10:19:59.192;3280
3;04-03-2025 10:20:08.750;04-03-2025 10:19:58.720;10030
3;04-03-2025 10:20:18.771;04-03-2025 10:19:58.720;20051
0;04-03-2025 10:20:44.151;04-03-2025 10:20:18.450;25701
3;04-03-2025 10:21:23.279;04-03-2025 10:21:08.458;14821
3;04-03-2025 10:21:43.279;04-03-2025 10:21:28.505;14774
3;04-03-2025 10:21:53.534;04-03-2025 10:21:43.511;10023
3;04-03-2025 10:22:48.279;04-03-2025 10:22:33.476;14803
3;04-03-2025 10:22:58.296;04-03-2025 10:22:33.476;24820
3;04-03-2025 10:23:18.279;04-03-2025 10:23:03.474;14805
3;04-03-2025 10:23:28.274;04-03-2025 10:23:18.494;9780
3;04-03-2025 10:23:38.279;04-03-2025 10:23:18.494;19785
3;04-03-2025 10:23:53.280;04-03-2025 10:23:38.736;14544
0;04-03-2025 10:23:55.653;04-03-2025 10:23:38.441;17212
3;04-03-2025 10:24:03.523;04-03-2025 10:23:53.487;10036
0;04-03-2025 10:24:12.539;04-03-2025 10:24:08.487;4052
3;04-03-2025 10:24:18.280;04-03-2025 10:24:03.933;14347
3;04-03-2025 10:24:28.276;04-03-2025 10:24:03.933;24343
1;04-03-2025 10:24:54.422;04-03-2025 10:24:48.852;5570
3;04-03-2025 10:24:58.279;04-03-2025 10:24:43.467;14812
0;04-03-2025 10:24:59.098;04-03-2025 10:24:56.307;2791
3;04-03-2025 10:25:23.279;04-03-2025 10:25:08.489;14790
3;04-03-2025 10:25:48.282;04-03-2025 10:25:33.529;14753
1;04-03-2025 10:25:48.327;04-03-2025 10:25:43.552;4775
3;04-03-2025 10:25:58.307;04-03-2025 10:25:33.529;24778
3;04-03-2025 10:26:13.280;04-03-2025 10:25:58.919;14361
0;04-03-2025 10:26:30.361;04-03-2025 10:26:16.222;14139
3;04-03-2025 10:26:48.279;04-03-2025 10:26:33.461;14818
3;04-03-2025 10:27:03.279;04-03-2025 10:26:48.754;14525
3;04-03-2025 10:27:13.495;04-03-2025 10:27:03.473;10022
3;04-03-2025 10:27:53.278;04-03-2025 10:27:38.488;14790
3;04-03-2025 10:28:13.278;04-03-2025 10:27:58.462;14816
3;04-03-2025 10:28:23.489;04-03-2025 10:28:13.467;10022
3;04-03-2025 10:28:38.279;04-03-2025 10:28:23.900;14379
3;04-03-2025 10:28:48.298;04-03-2025 10:28:23.900;24398
3;04-03-2025 10:28:58.527;04-03-2025 10:28:48.506;10021
3;04-03-2025 10:29:08.548;04-03-2025 10:28:48.506;20042
2;04-03-2025 10:29:12.974;04-03-2025 10:29:10.866;2108
0;04-03-2025 10:29:19.059;04-03-2025 10:29:08.470;10589
3;04-03-2025 10:29:28.273;04-03-2025 10:29:13.465;14808
3;04-03-2025 10:30:23.279;04-03-2025 10:30:08.522;14757
3;04-03-2025 10:30:33.298;04-03-2025 10:30:08.522;24776
0;04-03-2025 10:30:37.121;04-03-2025 10:30:23.469;13652
3;04-03-2025 10:30:58.280;04-03-2025 10:30:43.458;14822
0;04-03-2025 10:31:18.864;04-03-2025 10:31:18.465;399
3;04-03-2025 10:31:28.276;04-03-2025 10:31:13.476;14800
3;04-03-2025 10:31:58.280;04-03-2025 10:31:43.476;14804
3;04-03-2025 10:32:18.280;04-03-2025 10:32:03.452;14828
3;04-03-2025 10:32:28.272;04-03-2025 10:32:03.452;24820
3;04-03-2025 10:32:48.278;04-03-2025 10:32:33.451;14827
3;04-03-2025 10:33:13.279;04-03-2025 10:32:58.432;14847
2;04-03-2025 10:33:52.337;04-03-2025 10:33:48.702;3635
3;04-03-2025 10:34:18.280;04-03-2025 10:34:03.346;14934
3;04-03-2025 10:36:28.275;04-03-2025 10:36:18.430;9845
3;04-03-2025 10:38:33.280;04-03-2025 10:38:18.438;14842
3;04-03-2025 10:41:18.278;04-03-2025 10:41:03.414;14864
3;04-03-2025 10:42:03.279;04-03-2025 10:41:48.403;14876
3;04-03-2025 10:42:48.280;04-03-2025 10:42:33.358;14922
3;04-03-2025 10:44:58.280;04-03-2025 10:44:43.349;14931
3;04-03-2025 10:49:03.279;04-03-2025 10:48:48.421;14858
3;04-03-2025 10:49:38.279;04-03-2025 10:49:23.380;14899
3;04-03-2025 10:51:58.279;04-03-2025 10:51:43.402;14877
3;04-03-2025 10:52:28.273;04-03-2025 10:52:13.367;14906
3;04-03-2025 10:54:13.280;04-03-2025 10:53:58.436;14844
3;04-03-2025 10:54:23.396;04-03-2025 10:54:13.374;10022
3;04-03-2025 10:57:08.278;04-03-2025 10:56:53.396;14882
3;04-03-2025 10:57:38.279;04-03-2025 10:57:23.393;14886
3;04-03-2025 11:00:28.274;04-03-2025 11:00:13.348;14926
3;04-03-2025 11:00:38.280;04-03-2025 11:00:13.348;24932
3;04-03-2025 11:01:18.278;04-03-2025 11:01:03.426;14852
3;04-03-2025 11:01:48.279;04-03-2025 11:01:33.396;14883
3;04-03-2025 11:03:03.279;04-03-2025 11:02:48.372;14907
3;04-03-2025 11:03:13.404;04-03-2025 11:03:03.384;10020
3;04-03-2025 11:04:08.279;04-03-2025 11:03:53.356;14923
3;04-03-2025 11:04:23.279;04-03-2025 11:04:08.493;14786
3;04-03-2025 11:04:38.279;04-03-2025 11:04:23.473;14806
3;04-03-2025 11:04:48.300;04-03-2025 11:04:23.473;24827
3;04-03-2025 11:04:58.424;04-03-2025 11:04:48.402;10022
3;04-03-2025 11:05:58.280;04-03-2025 11:05:43.357;14923
3;04-03-2025 11:06:58.278;04-03-2025 11:06:43.369;14909
3;04-03-2025 11:07:08.407;04-03-2025 11:06:58.379;10028
3;04-03-2025 11:08:58.280;04-03-2025 11:08:43.362;14918
2;04-03-2025 11:09:36.580;04-03-2025 11:09:35.624;956
3;04-03-2025 11:10:33.279;04-03-2025 11:10:18.362;14917
3;04-03-2025 11:11:43.278;04-03-2025 11:11:28.422;14856
3;04-03-2025 11:11:58.279;04-03-2025 11:11:43.507;14772
3;04-03-2025 11:12:58.278;04-03-2025 11:12:43.360;14918
3;04-03-2025 11:13:13.282;04-03-2025 11:12:58.463;14819
3;04-03-2025 11:13:28.275;04-03-2025 11:13:13.487;14788
3;04-03-2025 11:14:28.276;04-03-2025 11:14:13.419;14857
3;04-03-2025 11:15:13.279;04-03-2025 11:14:58.376;14903
3;04-03-2025 11:18:03.279;04-03-2025 11:17:48.348;14931
3;04-03-2025 11:36:18.277;04-03-2025 11:36:03.308;14969
0;04-03-2025 13:23:38.630;04-03-2025 13:23:38.467;163
0;04-03-2025 13:26:02.410;04-03-2025 13:24:48.383;74027
0;04-03-2025 13:26:17.549;04-03-2025 13:24:48.383;89166
0;04-03-2025 13:26:19.166;04-03-2025 13:24:48.383;90783
0;04-03-2025 13:26:21.513;04-03-2025 13:24:48.383;93130
0;04-03-2025 13:26:27.825;04-03-2025 13:24:48.383;99442
0;04-03-2025 13:26:33.283;04-03-2025 13:24:48.383;104900
0;04-03-2025 13:26:40.275;04-03-2025 13:24:48.383;111892
0;04-03-2025 13:26:42.634;04-03-2025 13:24:48.383;114251
0;04-03-2025 13:26:48.005;04-03-2025 13:24:48.383;119622
0;04-03-2025 13:26:54.449;04-03-2025 13:24:48.383;126066
0;04-03-2025 13:26:54.889;04-03-2025 13:24:48.383;126506
0;04-03-2025 13:27:01.344;04-03-2025 13:24:48.383;132961
0;04-03-2025 13:27:04.449;04-03-2025 13:24:48.383;136066
0;04-03-2025 13:27:25.003;04-03-2025 13:24:48.383;156620
0;04-03-2025 13:27:25.392;04-03-2025 13:24:48.383;157009
0;04-03-2025 13:27:29.691;04-03-2025 13:24:48.383;161308
0;04-03-2025 13:27:30.704;04-03-2025 13:24:48.383;162321
0;04-03-2025 13:27:30.934;04-03-2025 13:24:48.383;162551
0;04-03-2025 13:27:35.642;04-03-2025 13:24:48.383;167259
0;04-03-2025 13:27:42.667;04-03-2025 13:24:48.383;174284
0;04-03-2025 13:27:52.131;04-03-2025 13:24:48.383;183748
0;04-03-2025 13:27:52.716;04-03-2025 13:24:48.383;184333
0;04-03-2025 13:27:52.878;04-03-2025 13:24:48.383;184495
0;04-03-2025 13:28:00.508;04-03-2025 13:24:48.383;192125
0;04-03-2025 13:28:05.543;04-03-2025 13:24:48.383;197160
0;04-03-2025 13:28:07.877;04-03-2025 13:24:48.383;199494
0;04-03-2025 13:28:22.645;04-03-2025 13:24:48.383;214262
0;04-03-2025 13:28:29.873;04-03-2025 13:24:48.383;221490
0;04-03-2025 13:28:31.060;04-03-2025 13:24:48.383;222677
0;04-03-2025 13:28:33.416;04-03-2025 13:24:48.383;225033
0;04-03-2025 13:28:38.922;04-03-2025 13:24:48.383;230539
0;04-03-2025 13:28:39.588;04-03-2025 13:24:48.383;231205
0;04-03-2025 13:28:44.494;04-03-2025 13:24:48.383;236111
0;04-03-2025 13:28:52.898;04-03-2025 13:24:48.383;244515
0;04-03-2025 13:29:05.069;04-03-2025 13:24:48.383;256686
0;04-03-2025 13:29:10.104;04-03-2025 13:24:48.383;261721
0;04-03-2025 13:29:16.145;04-03-2025 13:24:48.383;267762
0;04-03-2025 13:29:17.651;04-03-2025 13:24:48.383;269268
0;04-03-2025 13:29:20.803;04-03-2025 13:24:48.383;272420
0;04-03-2025 13:29:21.149;04-03-2025 13:24:48.383;272766
0;04-03-2025 13:29:29.945;04-03-2025 13:24:48.383;281562
0;04-03-2025 13:29:31.203;04-03-2025 13:24:48.383;282820
0;04-03-2025 13:29:36.913;04-03-2025 13:24:48.383;288530
0;04-03-2025 13:29:45.763;04-03-2025 13:24:48.383;297380
0;04-03-2025 13:29:50.484;04-03-2025 13:24:48.383;302101
0;04-03-2025 13:29:51.555;04-03-2025 13:24:48.383;303172
0;04-03-2025 13:29:55.949;04-03-2025 13:24:48.383;307566
0;04-03-2025 13:30:00.332;04-03-2025 13:24:48.383;311949
0;04-03-2025 13:30:02.942;04-03-2025 13:24:48.383;314559
0;04-03-2025 13:30:04.988;04-03-2025 13:24:48.383;316605
0;04-03-2025 13:30:23.354;04-03-2025 13:24:48.383;334971
0;04-03-2025 13:30:23.973;04-03-2025 13:24:48.383;335590
0;04-03-2025 13:30:27.009;04-03-2025 13:24:48.383;338626
0;04-03-2025 13:30:28.173;04-03-2025 13:24:48.383;339790
0;04-03-2025 13:30:37.071;04-03-2025 13:24:48.383;348688
0;04-03-2025 13:30:41.536;04-03-2025 13:24:48.383;353153
0;04-03-2025 13:30:49.747;04-03-2025 13:24:48.383;361364
0;04-03-2025 13:31:02.877;04-03-2025 13:24:48.383;374494
0;04-03-2025 13:31:03.780;04-03-2025 13:24:48.383;375397
0;04-03-2025 13:31:06.298;04-03-2025 13:24:48.383;377915
0;04-03-2025 13:31:17.910;04-03-2025 13:24:48.383;389527
0;04-03-2025 13:31:20.622;04-03-2025 13:24:48.383;392239
0;04-03-2025 13:31:27.459;04-03-2025 13:24:48.383;399076
0;04-03-2025 13:31:31.356;04-03-2025 13:24:48.383;402973
0;04-03-2025 13:31:35.639;04-03-2025 13:24:48.383;407256
0;04-03-2025 13:31:38.686;04-03-2025 13:24:48.383;410303
0;04-03-2025 13:31:40.962;04-03-2025 13:24:48.383;412579
0;04-03-2025 13:31:42.318;04-03-2025 13:24:48.383;413935
0;04-03-2025 13:31:45.215;04-03-2025 13:24:48.383;416832
0;04-03-2025 13:31:48.106;04-03-2025 13:24:48.383;419723
0;04-03-2025 13:31:55.203;04-03-2025 13:24:48.383;426820
0;04-03-2025 13:31:57.225;04-03-2025 13:24:48.383;428842
0;04-03-2025 13:32:04.910;04-03-2025 13:24:48.383;436527
0;04-03-2025 13:32:15.354;04-03-2025 13:24:48.383;446971
0;04-03-2025 13:32:18.960;04-03-2025 13:24:48.383;450577
0;04-03-2025 13:32:25.512;04-03-2025 13:24:48.383;457129
0;04-03-2025 13:32:37.779;04-03-2025 13:24:48.383;469396
0;04-03-2025 13:32:38.173;04-03-2025 13:24:48.383;469790
0;04-03-2025 13:32:45.645;04-03-2025 13:24:48.383;477262
0;04-03-2025 13:32:46.269;04-03-2025 13:24:48.383;477886
0;04-03-2025 13:32:53.204;04-03-2025 13:24:48.383;484821
0;04-03-2025 13:32:56.167;04-03-2025 13:24:48.383;487784
0;04-03-2025 13:32:56.548;04-03-2025 13:24:48.383;488165
0;04-03-2025 13:32:59.315;04-03-2025 13:24:48.383;490932
0;04-03-2025 13:33:06.436;04-03-2025 13:24:48.383;498053
0;04-03-2025 13:33:13.956;04-03-2025 13:24:48.383;505573
0;04-03-2025 13:33:19.014;04-03-2025 13:24:48.383;510631
0;04-03-2025 13:33:22.216;04-03-2025 13:24:48.383;513833
0;04-03-2025 13:33:32.154;04-03-2025 13:24:48.383;523771
0;04-03-2025 13:33:37.784;04-03-2025 13:24:48.383;529401
0;04-03-2025 13:33:41.911;04-03-2025 13:24:48.383;533528
0;04-03-2025 13:33:48.842;04-03-2025 13:24:48.383;540459
0;04-03-2025 13:33:49.298;04-03-2025 13:24:48.383;540915
0;04-03-2025 13:34:02.141;04-03-2025 13:24:48.383;553758
0;04-03-2025 13:34:06.621;04-03-2025 13:24:48.383;558238
0;04-03-2025 13:34:08.388;04-03-2025 13:24:48.383;560005
0;04-03-2025 13:34:16.439;04-03-2025 13:24:48.383;568056
0;04-03-2025 13:34:21.841;04-03-2025 13:24:48.383;573458
0;04-03-2025 13:34:25.283;04-03-2025 13:24:48.383;576900
0;04-03-2025 13:34:25.971;04-03-2025 13:24:48.383;577588
0;04-03-2025 13:34:26.590;04-03-2025 13:24:48.383;578207
0;04-03-2025 13:34:29.206;04-03-2025 13:24:48.383;580823
0;04-03-2025 13:34:34.273;04-03-2025 13:24:48.383;585890
0;04-03-2025 13:34:41.730;04-03-2025 13:24:48.383;593347
0;04-03-2025 13:34:44.375;04-03-2025 13:24:48.383;595992
0;04-03-2025 13:34:49.347;04-03-2025 13:24:48.383;600964
0;04-03-2025 13:34:56.451;04-03-2025 13:24:48.383;608068
0;04-03-2025 13:35:07.942;04-03-2025 13:24:48.383;619559
0;04-03-2025 13:35:09.775;04-03-2025 13:24:48.383;621392
0;04-03-2025 13:35:16.608;04-03-2025 13:24:48.383;628225
0;04-03-2025 13:35:17.866;04-03-2025 13:24:48.383;629483
0;04-03-2025 13:35:18.283;04-03-2025 13:24:48.383;629900
0;04-03-2025 13:35:31.162;04-03-2025 13:24:48.383;642779
0;04-03-2025 13:35:34.444;04-03-2025 13:24:48.383;646061
0;04-03-2025 13:35:51.055;04-03-2025 13:24:48.383;662672
0;04-03-2025 13:35:56.625;04-03-2025 13:24:48.383;668242
0;04-03-2025 13:35:59.444;04-03-2025 13:24:48.383;671061
0;04-03-2025 13:36:00.700;04-03-2025 13:24:48.383;672317
0;04-03-2025 13:36:06.176;04-03-2025 13:24:48.383;677793
0;04-03-2025 13:36:09.117;04-03-2025 13:24:48.383;680734
0;04-03-2025 13:36:10.002;04-03-2025 13:24:48.383;681619
0;04-03-2025 13:36:12.615;04-03-2025 13:24:48.383;684232
0;04-03-2025 13:36:13.218;04-03-2025 13:24:48.383;684835
0;04-03-2025 13:36:22.593;04-03-2025 13:24:48.383;694210
0;04-03-2025 13:36:29.166;04-03-2025 13:24:48.383;700783
0;04-03-2025 13:36:37.199;04-03-2025 13:24:48.383;708816
0;04-03-2025 13:36:44.419;04-03-2025 13:24:48.383;716036
0;04-03-2025 13:36:49.100;04-03-2025 13:24:48.383;720717
0;04-03-2025 13:36:56.259;04-03-2025 13:24:48.383;727876
0;04-03-2025 13:37:02.167;04-03-2025 13:24:48.383;733784
0;04-03-2025 13:37:03.556;04-03-2025 13:24:48.383;735173
0;04-03-2025 13:37:08.208;04-03-2025 13:24:48.383;739825
0;04-03-2025 13:37:16.489;04-03-2025 13:24:48.383;748106
0;04-03-2025 13:37:16.665;04-03-2025 13:24:48.383;748282
0;04-03-2025 13:37:20.029;04-03-2025 13:24:48.383;751646
0;04-03-2025 13:37:23.520;04-03-2025 13:24:48.383;755137
0;04-03-2025 13:37:35.538;04-03-2025 13:24:48.383;767155
0;04-03-2025 13:37:39.418;04-03-2025 13:24:48.383;771035
0;04-03-2025 13:37:39.654;04-03-2025 13:24:48.383;771271
0;04-03-2025 13:37:42.199;04-03-2025 13:24:48.383;773816
0;04-03-2025 13:37:42.413;04-03-2025 13:24:48.383;774030
0;04-03-2025 13:37:52.403;04-03-2025 13:24:48.383;784020
0;04-03-2025 13:37:57.562;04-03-2025 13:24:48.383;789179
0;04-03-2025 13:38:02.474;04-03-2025 13:24:48.383;794091
0;04-03-2025 13:38:13.957;04-03-2025 13:24:48.383;805574
0;04-03-2025 13:38:21.964;04-03-2025 13:24:48.383;813581
0;04-03-2025 13:38:23.611;04-03-2025 13:24:48.383;815228
0;04-03-2025 13:38:30.538;04-03-2025 13:24:48.383;822155
0;04-03-2025 13:38:35.358;04-03-2025 13:24:48.383;826975
0;04-03-2025 13:38:40.095;04-03-2025 13:24:48.383;831712
0;04-03-2025 13:38:44.763;04-03-2025 13:24:48.383;836380
0;04-03-2025 13:38:46.158;04-03-2025 13:24:48.383;837775
0;04-03-2025 13:38:52.075;04-03-2025 13:24:48.383;843692
0;04-03-2025 13:38:54.789;04-03-2025 13:24:48.383;846406
0;04-03-2025 13:38:55.089;04-03-2025 13:24:48.383;846706
0;04-03-2025 13:39:13.357;04-03-2025 13:24:48.383;864974
0;04-03-2025 13:39:17.404;04-03-2025 13:24:48.383;869021
0;04-03-2025 13:39:17.816;04-03-2025 13:24:48.383;869433
0;04-03-2025 13:39:22.479;04-03-2025 13:24:48.383;874096
0;04-03-2025 13:39:36.220;04-03-2025 13:24:48.383;887837
0;04-03-2025 13:39:36.947;04-03-2025 13:24:48.383;888564
0;04-03-2025 13:39:40.955;04-03-2025 13:24:48.383;892572
0;04-03-2025 13:39:42.905;04-03-2025 13:24:48.383;894522
0;04-03-2025 13:39:50.629;04-03-2025 13:24:48.383;902246
0;04-03-2025 13:39:50.879;04-03-2025 13:24:48.383;902496
0;04-03-2025 13:39:53.182;04-03-2025 13:24:48.383;904799
0;04-03-2025 13:39:57.289;04-03-2025 13:24:48.383;908906
0;04-03-2025 13:40:15.440;04-03-2025 13:24:48.383;927057
0;04-03-2025 13:40:17.414;04-03-2025 13:24:48.383;929031
0;04-03-2025 13:40:19.746;04-03-2025 13:24:48.383;931363
0;04-03-2025 13:40:25.234;04-03-2025 13:24:48.383;936851
0;04-03-2025 13:40:27.935;04-03-2025 13:24:48.383;939552
0;04-03-2025 13:40:28.655;04-03-2025 13:24:48.383;940272
0;04-03-2025 13:40:42.500;04-03-2025 13:24:48.383;954117
0;04-03-2025 13:40:47.341;04-03-2025 13:24:48.383;958958
0;04-03-2025 13:40:48.532;04-03-2025 13:24:48.383;960149
0;04-03-2025 13:40:52.166;04-03-2025 13:24:48.383;963783
0;04-03-2025 13:40:56.586;04-03-2025 13:24:48.383;968203
0;04-03-2025 13:41:05.609;04-03-2025 13:24:48.383;977226
0;04-03-2025 13:41:07.168;04-03-2025 13:24:48.383;978785
0;04-03-2025 13:41:08.116;04-03-2025 13:24:48.383;979733
0;04-03-2025 13:41:08.807;04-03-2025 13:24:48.383;980424
0;04-03-2025 13:41:12.787;04-03-2025 13:24:48.383;984404
0;04-03-2025 13:41:33.768;04-03-2025 13:24:48.383;1005385
0;04-03-2025 13:41:36.807;04-03-2025 13:24:48.383;1008424
0;04-03-2025 13:41:38.935;04-03-2025 13:24:48.383;1010552
0;04-03-2025 13:41:49.024;04-03-2025 13:24:48.383;1020641
0;04-03-2025 13:41:53.451;04-03-2025 13:24:48.383;1025068
0;04-03-2025 13:41:59.413;04-03-2025 13:24:48.383;1031030
0;04-03-2025 13:41:59.856;04-03-2025 13:24:48.383;1031473
0;04-03-2025 13:42:00.640;04-03-2025 13:24:48.383;1032257
0;04-03-2025 13:42:06.641;04-03-2025 13:24:48.383;1038258
0;04-03-2025 13:42:16.982;04-03-2025 13:24:48.383;1048599
0;04-03-2025 13:42:19.347;04-03-2025 13:24:48.383;1050964
0;04-03-2025 13:42:20.140;04-03-2025 13:24:48.383;1051757
0;04-03-2025 13:42:21.570;04-03-2025 13:24:48.383;1053187
0;04-03-2025 13:42:24.011;04-03-2025 13:24:48.383;1055628
0;04-03-2025 13:42:40.577;04-03-2025 13:24:48.383;1072194
0;04-03-2025 13:42:43.484;04-03-2025 13:24:48.383;1075101
0;04-03-2025 13:42:45.928;04-03-2025 13:24:48.383;1077545
0;04-03-2025 13:42:53.108;04-03-2025 13:24:48.383;1084725
0;04-03-2025 13:43:00.012;04-03-2025 13:24:48.383;1091629
0;04-03-2025 13:43:08.453;04-03-2025 13:24:48.383;1100070
0;04-03-2025 13:43:10.033;04-03-2025 13:24:48.383;1101650
0;04-03-2025 13:43:17.420;04-03-2025 13:24:48.383;1109037
0;04-03-2025 13:43:22.513;04-03-2025 13:24:48.383;1114130
3;04-03-2025 13:43:23.281;04-03-2025 13:43:08.327;14954
0;04-03-2025 13:43:25.735;04-03-2025 13:24:48.383;1117352
0;04-03-2025 13:43:29.579;04-03-2025 13:24:48.383;1121196
0;04-03-2025 13:43:33.367;04-03-2025 13:24:48.383;1124984
0;04-03-2025 13:43:39.227;04-03-2025 13:24:48.383;1130844
0;04-03-2025 13:43:44.444;04-03-2025 13:24:48.383;1136061
0;04-03-2025 13:43:51.330;04-03-2025 13:24:48.383;1142947
0;04-03-2025 13:43:51.898;04-03-2025 13:24:48.383;1143515
0;04-03-2025 13:43:55.289;04-03-2025 13:24:48.383;1146906
0;04-03-2025 13:44:04.786;04-03-2025 13:24:48.383;1156403
0;04-03-2025 13:44:11.977;04-03-2025 13:24:48.383;1163594
0;04-03-2025 13:44:15.095;04-03-2025 13:24:48.383;1166712
0;04-03-2025 13:44:18.364;04-03-2025 13:24:48.383;1169981
0;04-03-2025 13:44:21.180;04-03-2025 13:24:48.383;1172797
0;04-03-2025 13:44:21.561;04-03-2025 13:24:48.383;1173178
0;04-03-2025 13:44:32.180;04-03-2025 13:24:48.383;1183797
0;04-03-2025 13:44:40.312;04-03-2025 13:24:48.383;1191929
0;04-03-2025 13:44:50.529;04-03-2025 13:24:48.383;1202146
0;04-03-2025 13:44:53.460;04-03-2025 13:24:48.383;1205077
0;04-03-2025 13:44:53.601;04-03-2025 13:24:48.383;1205218
0;04-03-2025 13:45:00.491;04-03-2025 13:24:48.383;1212108
0;04-03-2025 13:45:01.698;04-03-2025 13:24:48.383;1213315
0;04-03-2025 13:45:04.991;04-03-2025 13:24:48.383;1216608
0;04-03-2025 13:45:06.220;04-03-2025 13:24:48.383;1217837
0;04-03-2025 13:45:08.065;04-03-2025 13:24:48.383;1219682
0;04-03-2025 13:45:15.593;04-03-2025 13:24:48.383;1227210
0;04-03-2025 13:45:17.499;04-03-2025 13:24:48.383;1229116
0;04-03-2025 13:45:29.216;04-03-2025 13:24:48.383;1240833
0;04-03-2025 13:45:34.378;04-03-2025 13:24:48.383;1245995
0;04-03-2025 13:45:36.993;04-03-2025 13:24:48.383;1248610
0;04-03-2025 13:45:39.487;04-03-2025 13:24:48.383;1251104
0;04-03-2025 13:45:41.629;04-03-2025 13:24:48.383;1253246
0;04-03-2025 13:45:47.155;04-03-2025 13:24:48.383;1258772
0;04-03-2025 13:45:53.364;04-03-2025 13:24:48.383;1264981
0;04-03-2025 13:46:02.176;04-03-2025 13:24:48.383;1273793
0;04-03-2025 13:46:09.139;04-03-2025 13:24:48.383;1280756
0;04-03-2025 13:46:12.230;04-03-2025 13:24:48.383;1283847
0;04-03-2025 13:46:17.829;04-03-2025 13:24:48.383;1289446
0;04-03-2025 13:46:23.652;04-03-2025 13:24:48.383;1295269
0;04-03-2025 13:46:25.393;04-03-2025 13:24:48.383;1297010
0;04-03-2025 13:46:30.741;04-03-2025 13:24:48.383;1302358
0;04-03-2025 13:46:36.783;04-03-2025 13:24:48.383;1308400
0;04-03-2025 13:46:42.784;04-03-2025 13:24:48.383;1314401
0;04-03-2025 13:46:43.098;04-03-2025 13:24:48.383;1314715
0;04-03-2025 13:46:57.226;04-03-2025 13:24:48.383;1328843
0;04-03-2025 13:46:57.936;04-03-2025 13:24:48.383;1329553
0;04-03-2025 13:47:10.859;04-03-2025 13:24:48.383;1342476
0;04-03-2025 13:47:12.862;04-03-2025 13:24:48.383;1344479
0;04-03-2025 13:47:14.126;04-03-2025 13:24:48.383;1345743
0;04-03-2025 13:47:14.874;04-03-2025 13:24:48.383;1346491
0;04-03-2025 13:47:18.321;04-03-2025 13:24:48.383;1349938
0;04-03-2025 13:47:25.394;04-03-2025 13:24:48.383;1357011
0;04-03-2025 13:47:33.107;04-03-2025 13:24:48.383;1364724
0;04-03-2025 13:47:33.581;04-03-2025 13:24:48.383;1365198
0;04-03-2025 13:47:42.797;04-03-2025 13:24:48.383;1374414
0;04-03-2025 13:47:47.518;04-03-2025 13:24:48.383;1379135
0;04-03-2025 13:47:50.884;04-03-2025 13:24:48.383;1382501
0;04-03-2025 13:47:52.109;04-03-2025 13:24:48.383;1383726
0;04-03-2025 13:48:05.175;04-03-2025 13:24:48.383;1396792
0;04-03-2025 13:48:09.161;04-03-2025 13:24:48.383;1400778
0;04-03-2025 13:48:10.995;04-03-2025 13:24:48.383;1402612
0;04-03-2025 13:48:22.016;04-03-2025 13:24:48.383;1413633
0;04-03-2025 13:48:29.408;04-03-2025 13:24:48.383;1421025
0;04-03-2025 13:48:30.515;04-03-2025 13:24:48.383;1422132
0;04-03-2025 13:48:31.041;04-03-2025 13:24:48.383;1422658
0;04-03-2025 13:48:43.058;04-03-2025 13:24:48.383;1434675
0;04-03-2025 13:48:44.992;04-03-2025 13:24:48.383;1436609
0;04-03-2025 13:48:48.341;04-03-2025 13:24:48.383;1439958
0;04-03-2025 13:48:48.674;04-03-2025 13:24:48.383;1440291
0;04-03-2025 13:48:55.104;04-03-2025 13:24:48.383;1446721
0;04-03-2025 13:49:13.060;04-03-2025 13:24:48.383;1464677
0;04-03-2025 13:49:16.704;04-03-2025 13:24:48.383;1468321
0;04-03-2025 13:49:20.711;04-03-2025 13:24:48.383;1472328
0;04-03-2025 13:49:21.343;04-03-2025 13:24:48.383;1472960
0;04-03-2025 13:49:25.679;04-03-2025 13:24:48.383;1477296
0;04-03-2025 13:49:35.871;04-03-2025 13:24:48.383;1487488
0;04-03-2025 13:49:36.934;04-03-2025 13:24:48.383;1488551
0;04-03-2025 13:49:41.942;04-03-2025 13:24:48.383;1493559
0;04-03-2025 13:49:47.150;04-03-2025 13:24:48.383;1498767
0;04-03-2025 13:49:47.540;04-03-2025 13:24:48.383;1499157
0;04-03-2025 13:49:57.444;04-03-2025 13:24:48.383;1509061
0;04-03-2025 13:49:59.585;04-03-2025 13:24:48.383;1511202
0;04-03-2025 13:50:01.339;04-03-2025 13:24:48.383;1512956
0;04-03-2025 13:50:13.175;04-03-2025 13:24:48.383;1524792
0;04-03-2025 13:50:18.444;04-03-2025 13:24:48.383;1530061
0;04-03-2025 13:50:20.868;04-03-2025 13:24:48.383;1532485
0;04-03-2025 13:50:21.755;04-03-2025 13:24:48.383;1533372
0;04-03-2025 13:50:23.476;04-03-2025 13:24:48.383;1535093
0;04-03-2025 13:50:34.577;04-03-2025 13:24:48.383;1546194
0;04-03-2025 13:50:48.833;04-03-2025 13:24:48.383;1560450
0;04-03-2025 13:50:58.993;04-03-2025 13:24:48.383;1570610
0;04-03-2025 13:51:00.003;04-03-2025 13:24:48.383;1571620
0;04-03-2025 13:51:08.545;04-03-2025 13:24:48.383;1580162
0;04-03-2025 13:51:13.049;04-03-2025 13:24:48.383;1584666
0;04-03-2025 13:51:13.866;04-03-2025 13:24:48.383;1585483
0;04-03-2025 13:51:19.307;04-03-2025 13:24:48.383;1590924
0;04-03-2025 13:51:20.897;04-03-2025 13:24:48.383;1592514
0;04-03-2025 13:51:21.456;04-03-2025 13:24:48.383;1593073
0;04-03-2025 13:51:22.649;04-03-2025 13:24:48.383;1594266
0;04-03-2025 13:51:30.512;04-03-2025 13:24:48.383;1602129
0;04-03-2025 13:51:34.612;04-03-2025 13:24:48.383;1606229
0;04-03-2025 13:51:38.027;04-03-2025 13:24:48.383;1609644
0;04-03-2025 13:51:46.070;04-03-2025 13:24:48.383;1617687
0;04-03-2025 13:51:51.994;04-03-2025 13:24:48.383;1623611
0;04-03-2025 13:51:54.336;04-03-2025 13:24:48.383;1625953
0;04-03-2025 13:51:59.222;04-03-2025 13:24:48.383;1630839
0;04-03-2025 13:52:00.506;04-03-2025 13:24:48.383;1632123
0;04-03-2025 13:52:06.884;04-03-2025 13:24:48.383;1638501
0;04-03-2025 13:52:23.080;04-03-2025 13:24:48.383;1654697
0;04-03-2025 13:52:24.018;04-03-2025 13:24:48.383;1655635
0;04-03-2025 13:52:27.486;04-03-2025 13:24:48.383;1659103
0;04-03-2025 13:52:33.683;04-03-2025 13:24:48.383;1665300
0;04-03-2025 13:52:35.228;04-03-2025 13:24:48.383;1666845
0;04-03-2025 13:52:41.880;04-03-2025 13:24:48.383;1673497
0;04-03-2025 13:52:42.629;04-03-2025 13:24:48.383;1674246
0;04-03-2025 13:52:44.028;04-03-2025 13:24:48.383;1675645
0;04-03-2025 13:52:50.307;04-03-2025 13:24:48.383;1681924
0;04-03-2025 13:52:56.650;04-03-2025 13:24:48.383;1688267
0;04-03-2025 13:53:05.441;04-03-2025 13:24:48.383;1697058
0;04-03-2025 13:53:15.928;04-03-2025 13:24:48.383;1707545
0;04-03-2025 13:53:17.956;04-03-2025 13:24:48.383;1709573
0;04-03-2025 13:53:26.858;04-03-2025 13:24:48.383;1718475
0;04-03-2025 13:53:29.237;04-03-2025 13:24:48.383;1720854
0;04-03-2025 13:53:40.785;04-03-2025 13:24:48.383;1732402
0;04-03-2025 13:53:42.935;04-03-2025 13:24:48.383;1734552
0;04-03-2025 13:53:43.944;04-03-2025 13:24:48.383;1735561
0;04-03-2025 13:53:45.971;04-03-2025 13:24:48.383;1737588
0;04-03-2025 13:53:47.723;04-03-2025 13:24:48.383;1739340
0;04-03-2025 13:53:48.748;04-03-2025 13:24:48.383;1740365
0;04-03-2025 13:54:03.073;04-03-2025 13:24:48.383;1754690
0;04-03-2025 13:54:08.718;04-03-2025 13:24:48.383;1760335
0;04-03-2025 13:54:19.440;04-03-2025 13:24:48.383;1771057
0;04-03-2025 13:54:19.824;04-03-2025 13:24:48.383;1771441
0;04-03-2025 13:54:19.976;04-03-2025 13:24:48.383;1771593
0;04-03-2025 13:54:27.416;04-03-2025 13:24:48.383;1779033
0;04-03-2025 13:54:30.159;04-03-2025 13:24:48.383;1781776
0;04-03-2025 13:54:33.457;04-03-2025 13:24:48.383;1785074
0;04-03-2025 13:54:46.605;04-03-2025 13:24:48.383;1798222
0;04-03-2025 13:54:48.040;04-03-2025 13:24:48.383;1799657
0;04-03-2025 13:54:48.693;04-03-2025 13:24:48.383;1800310
0;04-03-2025 13:54:49.471;04-03-2025 13:24:48.383;1801088
0;04-03-2025 13:54:50.962;04-03-2025 13:24:48.383;1802579
0;04-03-2025 13:55:03.361;04-03-2025 13:55:03.344;17
0;04-03-2025 13:55:08.688;04-03-2025 13:55:03.344;5344
0;04-03-2025 13:55:12.366;04-03-2025 13:55:11.873;493
0;04-03-2025 13:55:18.216;04-03-2025 13:55:13.327;4889
0;04-03-2025 13:55:22.849;04-03-2025 13:55:18.367;4482
0;04-03-2025 13:55:33.310;04-03-2025 13:55:30.510;2800
0;04-03-2025 13:55:34.799;04-03-2025 13:55:33.396;1403
0;04-03-2025 13:55:37.655;04-03-2025 13:55:33.396;4259
0;04-03-2025 13:55:43.508;04-03-2025 13:55:38.894;4614
3;04-03-2025 15:04:48.280;04-03-2025 15:04:33.324;14956
3;04-03-2025 15:06:53.279;04-03-2025 15:06:38.313;14966
3;04-03-2025 15:28:08.278;04-03-2025 15:27:53.294;14984
3;04-03-2025 15:37:58.279;04-03-2025 15:37:43.335;14944
3;04-03-2025 15:48:18.279;04-03-2025 15:48:03.355;14924
3;04-03-2025 16:07:23.279;04-03-2025 16:07:08.298;14981
3;04-03-2025 16:18:58.280;04-03-2025 16:18:43.371;14909
3;04-03-2025 16:31:28.277;04-03-2025 16:31:23.371;4906
3;04-03-2025 17:00:48.278;04-03-2025 17:00:33.420;14858
3;04-03-2025 17:19:28.276;04-03-2025 17:19:13.309;14967
3;04-03-2025 17:49:18.280;04-03-2025 17:49:03.362;14918
3;04-03-2025 17:51:28.278;04-03-2025 17:51:23.383;4895
3;04-03-2025 18:05:28.276;04-03-2025 18:05:13.390;14886
3;04-03-2025 18:31:33.279;04-03-2025 18:31:18.325;14954
3;04-03-2025 18:42:38.279;04-03-2025 18:42:23.372;14907
3;04-03-2025 19:03:53.281;04-03-2025 19:03:38.432;14849
3;04-03-2025 19:09:38.280;04-03-2025 19:09:23.333;14947
3;04-03-2025 19:29:38.282;04-03-2025 19:29:23.330;14952
3;04-03-2025 19:36:13.280;04-03-2025 19:35:58.304;14976
3;04-03-2025 20:59:53.279;04-03-2025 20:59:38.331;14948
3;04-03-2025 21:35:08.278;04-03-2025 21:34:53.362;14916
3;04-03-2025 21:37:03.280;04-03-2025 21:36:48.309;14971
3;04-03-2025 21:37:13.298;04-03-2025 21:36:48.309;24989
3;04-03-2025 21:57:08.279;04-03-2025 21:56:53.346;14933
3;04-03-2025 21:59:23.281;04-03-2025 21:59:08.386;14895
3;04-03-2025 23:19:33.281;04-03-2025 23:19:18.340;14941
3;04-03-2025 23:33:38.280;04-03-2025 23:33:23.302;14978
3;05-03-2025 00:22:28.275;05-03-2025 00:22:18.308;9967
3;05-03-2025 01:48:13.281;05-03-2025 01:47:58.330;14951
3;05-03-2025 02:18:08.292;05-03-2025 02:18:03.338;4954
3;05-03-2025 02:18:13.293;05-03-2025 02:18:03.338;9955
