m3_98.oml;b069;device-09;true
m3_99.oml;b277;device-14;true
m3_100.oml;b080;device-11;true
m3_111.oml;9172;device-08;true
m3_112.oml;a578;device-00;true
m3_113.oml;a671;device-18;false
m3_114.oml;a879;device-03;true
m3_115.oml;8471;device-04;true
m3_116.oml;8969;device-15;true
m3_117.oml;2262;device-10;true
m3_118.oml;9376;device-06;true
m3_119.oml;a468;device-05;true
m3_120.oml;a469;device-17;false
m3_121.oml;8572;device-07;true
m3_122.oml;a180;device-13;true
m3_123.oml;c276;device-12;true
m3_124.oml;9772;device-16;false
m3_125.oml;9672;device-02;true
m3_126.oml;b269;device-01;true
