2;04-03-2025 09:14:11.248;04-03-2025 09:14:07.954;3294
3;04-03-2025 12:01:27.865;04-03-2025 12:01:12.978;14887
3;04-03-2025 12:25:07.871;04-03-2025 12:24:52.967;14904
3;04-03-2025 15:53:57.867;04-03-2025 15:53:42.929;14938
3;04-03-2025 18:32:42.865;04-03-2025 18:32:27.949;14916
3;04-03-2025 22:11:17.865;04-03-2025 22:11:02.952;14913
3;04-03-2025 23:18:22.865;04-03-2025 23:18:07.979;14886
3;04-03-2025 23:35:32.865;04-03-2025 23:35:17.956;14909
3;05-03-2025 01:23:32.866;05-03-2025 01:23:17.989;14877
3;05-03-2025 01:23:42.892;05-03-2025 01:23:17.989;24903
3;05-03-2025 01:23:52.909;05-03-2025 01:23:17.989;34920
3;05-03-2025 01:24:02.931;05-03-2025 01:23:17.989;44942
3;05-03-2025 01:24:12.950;05-03-2025 01:23:17.989;54961
3;05-03-2025 01:24:22.973;05-03-2025 01:23:17.989;64984
1;05-03-2025 01:24:30.655;05-03-2025 01:23:18.101;72554
3;05-03-2025 01:24:32.991;05-03-2025 01:23:17.989;75002
0;05-03-2025 01:24:35.365;05-03-2025 01:23:17.978;77387
2;05-03-2025 01:24:39.880;05-03-2025 01:23:18.023;81857
3;05-03-2025 01:24:43.012;05-03-2025 01:23:17.989;85023
2;05-03-2025 01:24:44.332;05-03-2025 01:23:18.023;86309
1;05-03-2025 01:24:45.012;05-03-2025 01:23:18.101;86911
0;05-03-2025 01:24:45.086;05-03-2025 01:23:17.978;87108
2;05-03-2025 01:24:46.191;05-03-2025 01:23:18.023;88168
1;05-03-2025 01:24:46.296;05-03-2025 01:23:18.101;88195
2;05-03-2025 01:24:46.908;05-03-2025 01:23:18.023;88885
2;05-03-2025 01:24:49.193;05-03-2025 01:23:18.023;91170
1;05-03-2025 01:24:49.888;05-03-2025 01:23:18.101;91787
0;05-03-2025 01:24:50.069;05-03-2025 01:23:17.978;92091
1;05-03-2025 01:24:51.514;05-03-2025 01:23:18.101;93413
3;05-03-2025 01:24:53.031;05-03-2025 01:23:17.989;95042
1;05-03-2025 01:24:54.038;05-03-2025 01:23:18.101;95937
2;05-03-2025 01:24:57.515;05-03-2025 01:23:18.023;99492
0;05-03-2025 01:24:58.124;05-03-2025 01:23:17.978;100146
2;05-03-2025 01:25:01.800;05-03-2025 01:23:18.023;103777
0;05-03-2025 01:25:01.925;05-03-2025 01:23:17.978;103947
3;05-03-2025 01:25:03.052;05-03-2025 01:23:17.989;105063
0;05-03-2025 01:25:03.953;05-03-2025 01:23:17.978;105975
1;05-03-2025 01:25:05.873;05-03-2025 01:23:18.101;107772
1;05-03-2025 01:25:05.988;05-03-2025 01:23:18.101;107887
0;05-03-2025 01:25:06.056;05-03-2025 01:23:17.978;108078
0;05-03-2025 01:25:07.932;05-03-2025 01:23:17.978;109954
2;05-03-2025 01:25:12.177;05-03-2025 01:23:18.023;114154
3;05-03-2025 01:25:13.068;05-03-2025 01:23:17.989;115079
1;05-03-2025 01:25:16.370;05-03-2025 01:23:18.101;118269
2;05-03-2025 01:25:16.786;05-03-2025 01:23:18.023;118763
1;05-03-2025 01:25:16.904;05-03-2025 01:23:18.101;118803
0;05-03-2025 01:25:18.096;05-03-2025 01:23:17.978;120118
1;05-03-2025 01:25:19.430;05-03-2025 01:23:18.101;121329
2;05-03-2025 01:25:20.711;05-03-2025 01:23:18.023;122688
3;05-03-2025 01:25:23.087;05-03-2025 01:23:17.989;125098
0;05-03-2025 01:25:29.941;05-03-2025 01:23:17.978;131963
1;05-03-2025 01:25:31.904;05-03-2025 01:23:18.101;133803
1;05-03-2025 01:25:32.821;05-03-2025 01:23:18.101;134720
3;05-03-2025 01:25:33.109;05-03-2025 01:23:17.989;135120
0;05-03-2025 01:25:35.109;05-03-2025 01:23:17.978;137131
2;05-03-2025 01:25:35.832;05-03-2025 01:23:18.023;137809
1;05-03-2025 01:25:36.452;05-03-2025 01:23:18.101;138351
0;05-03-2025 01:25:36.704;05-03-2025 01:23:17.978;138726
2;05-03-2025 01:25:38.511;05-03-2025 01:23:18.023;140488
0;05-03-2025 01:25:38.693;05-03-2025 01:23:17.978;140715
0;05-03-2025 01:25:41.063;05-03-2025 01:23:17.978;143085
3;05-03-2025 01:25:43.136;05-03-2025 01:23:17.989;145147
1;05-03-2025 01:25:43.229;05-03-2025 01:23:18.101;145128
0;05-03-2025 01:25:46.213;05-03-2025 01:23:17.978;148235
0;05-03-2025 01:25:47.722;05-03-2025 01:23:17.978;149744
2;05-03-2025 01:25:48.255;05-03-2025 01:23:18.023;150232
2;05-03-2025 01:25:49.804;05-03-2025 01:23:18.023;151781
1;05-03-2025 01:25:51.532;05-03-2025 01:23:18.101;153431
1;05-03-2025 01:25:52.244;05-03-2025 01:23:18.101;154143
3;05-03-2025 01:25:53.160;05-03-2025 01:23:17.989;155171
2;05-03-2025 01:25:55.248;05-03-2025 01:23:18.023;157225
1;05-03-2025 01:25:57.311;05-03-2025 01:23:18.101;159210
2;05-03-2025 01:25:58.901;05-03-2025 01:23:18.023;160878
3;05-03-2025 01:26:03.186;05-03-2025 01:23:17.989;165197
0;05-03-2025 01:26:03.859;05-03-2025 01:23:17.978;165881
2;05-03-2025 01:26:06.548;05-03-2025 01:23:18.023;168525
2;05-03-2025 01:26:07.741;05-03-2025 01:23:18.023;169718
0;05-03-2025 01:26:11.619;05-03-2025 01:23:17.978;173641
0;05-03-2025 01:26:12.708;05-03-2025 01:23:17.978;174730
3;05-03-2025 01:26:13.207;05-03-2025 01:23:17.989;175218
1;05-03-2025 01:26:13.435;05-03-2025 01:23:18.101;175334
1;05-03-2025 01:26:15.039;05-03-2025 01:23:18.101;176938
0;05-03-2025 01:26:16.481;05-03-2025 01:23:17.978;178503
2;05-03-2025 01:26:18.476;05-03-2025 01:23:18.023;180453
1;05-03-2025 01:26:19.117;05-03-2025 01:23:18.101;181016
2;05-03-2025 01:26:19.752;05-03-2025 01:23:18.023;181729
2;05-03-2025 01:26:20.827;05-03-2025 01:23:18.023;182804
0;05-03-2025 01:26:22.115;05-03-2025 01:23:17.978;184137
2;05-03-2025 01:26:22.183;05-03-2025 01:23:18.023;184160
0;05-03-2025 01:26:22.886;05-03-2025 01:23:17.978;184908
3;05-03-2025 01:26:23.232;05-03-2025 01:23:17.989;185243
0;05-03-2025 01:26:25.065;05-03-2025 01:23:17.978;187087
2;05-03-2025 01:26:25.402;05-03-2025 01:23:18.023;187379
0;05-03-2025 01:26:25.675;05-03-2025 01:23:17.978;187697
2;05-03-2025 01:26:26.967;05-03-2025 01:23:18.023;188944
1;05-03-2025 01:26:30.317;05-03-2025 01:23:18.101;192216
1;05-03-2025 01:26:30.928;05-03-2025 01:23:18.101;192827
3;05-03-2025 01:26:33.253;05-03-2025 01:23:17.989;195264
0;05-03-2025 01:26:38.514;05-03-2025 01:23:17.978;200536
2;05-03-2025 01:26:40.247;05-03-2025 01:23:18.023;202224
2;05-03-2025 01:26:41.401;05-03-2025 01:23:18.023;203378
2;05-03-2025 01:26:41.545;05-03-2025 01:23:18.023;203522
3;05-03-2025 01:26:43.275;05-03-2025 01:23:17.989;205286
1;05-03-2025 01:26:43.483;05-03-2025 01:26:42.986;497
1;05-03-2025 01:26:44.968;05-03-2025 01:26:42.986;1982
0;05-03-2025 01:26:46.305;05-03-2025 01:26:42.896;3409
1;05-03-2025 01:26:48.330;05-03-2025 01:26:47.935;395
1;05-03-2025 01:26:49.874;05-03-2025 01:26:47.935;1939
1;05-03-2025 01:26:50.292;05-03-2025 01:26:47.935;2357
0;05-03-2025 01:26:50.529;05-03-2025 01:26:47.903;2626
0;05-03-2025 01:26:51.033;05-03-2025 01:26:47.903;3130
2;05-03-2025 01:26:53.082;05-03-2025 01:26:48.122;4960
0;05-03-2025 01:26:53.370;05-03-2025 01:26:47.903;5467
1;05-03-2025 01:27:00.991;05-03-2025 01:26:59.918;1073
1;05-03-2025 01:27:01.712;05-03-2025 01:26:59.918;1794
1;05-03-2025 01:27:04.375;05-03-2025 01:27:02.976;1399
2;05-03-2025 01:27:06.018;05-03-2025 01:27:03.006;3012
2;05-03-2025 01:27:07.386;05-03-2025 01:27:03.006;4380
2;05-03-2025 01:27:10.398;05-03-2025 01:27:08.062;2336
1;05-03-2025 01:27:13.127;05-03-2025 01:27:12.987;140
2;05-03-2025 01:27:14.277;05-03-2025 01:27:13.067;1210
0;05-03-2025 01:27:15.493;05-03-2025 01:27:12.894;2599
0;05-03-2025 01:27:17.465;05-03-2025 01:27:12.894;4571
0;05-03-2025 01:27:21.112;05-03-2025 01:27:17.901;3211
0;05-03-2025 01:27:23.178;05-03-2025 01:27:23.069;109
2;05-03-2025 01:27:28.419;05-03-2025 01:27:28.028;391
1;05-03-2025 01:27:35.368;05-03-2025 01:27:32.925;2443
3;05-03-2025 01:35:27.904;05-03-2025 01:35:12.938;14966
3;05-03-2025 01:35:37.925;05-03-2025 01:35:12.938;24987
3;05-03-2025 01:35:47.866;05-03-2025 01:35:12.938;34928
3;05-03-2025 01:35:57.872;05-03-2025 01:35:12.938;44934
3;05-03-2025 01:36:07.894;05-03-2025 01:35:12.938;54956
3;05-03-2025 01:36:17.916;05-03-2025 01:35:12.938;64978
3;05-03-2025 01:36:27.934;05-03-2025 01:35:12.938;74996
0;05-03-2025 01:36:32.801;05-03-2025 01:35:12.896;79905
1;05-03-2025 01:36:33.051;05-03-2025 01:35:12.928;80123
1;05-03-2025 01:36:33.311;05-03-2025 01:35:12.928;80383
3;05-03-2025 01:36:37.952;05-03-2025 01:35:12.938;85014
0;05-03-2025 01:36:40.134;05-03-2025 01:35:12.896;87238
2;05-03-2025 01:36:42.186;05-03-2025 01:35:12.976;89210
0;05-03-2025 01:36:42.371;05-03-2025 01:35:12.896;89475
0;05-03-2025 01:36:46.361;05-03-2025 01:35:12.896;93465
1;05-03-2025 01:36:46.607;05-03-2025 01:35:12.928;93679
2;05-03-2025 01:36:46.828;05-03-2025 01:35:12.976;93852
3;05-03-2025 01:36:47.867;05-03-2025 01:35:12.938;94929
2;05-03-2025 01:36:48.259;05-03-2025 01:35:12.976;95283
1;05-03-2025 01:36:50.370;05-03-2025 01:35:12.928;97442
0;05-03-2025 01:36:51.441;05-03-2025 01:35:12.896;98545
2;05-03-2025 01:36:56.729;05-03-2025 01:35:12.976;103753
3;05-03-2025 01:36:57.873;05-03-2025 01:35:12.938;104935
2;05-03-2025 01:37:00.052;05-03-2025 01:35:12.976;107076
1;05-03-2025 01:37:00.567;05-03-2025 01:35:12.928;107639
2;05-03-2025 01:37:00.677;05-03-2025 01:35:12.976;107701
1;05-03-2025 01:37:02.218;05-03-2025 01:35:12.928;109290
2;05-03-2025 01:37:03.671;05-03-2025 01:35:12.976;110695
1;05-03-2025 01:37:04.458;05-03-2025 01:35:12.928;111530
0;05-03-2025 01:37:06.557;05-03-2025 01:35:12.896;113661
0;05-03-2025 01:37:06.995;05-03-2025 01:35:12.896;114099
3;05-03-2025 01:37:07.896;05-03-2025 01:35:12.938;114958
0;05-03-2025 01:37:11.782;05-03-2025 01:35:12.896;118886
2;05-03-2025 01:37:12.806;05-03-2025 01:35:12.976;119830
2;05-03-2025 01:37:14.189;05-03-2025 01:35:12.976;121213
1;05-03-2025 01:37:14.489;05-03-2025 01:35:12.928;121561
1;05-03-2025 01:37:16.212;05-03-2025 01:35:12.928;123284
2;05-03-2025 01:37:16.336;05-03-2025 01:35:12.976;123360
3;05-03-2025 01:37:17.919;05-03-2025 01:35:12.938;124981
0;05-03-2025 01:37:20.857;05-03-2025 01:35:12.896;127961
1;05-03-2025 01:37:21.363;05-03-2025 01:35:12.928;128435
0;05-03-2025 01:37:22.115;05-03-2025 01:35:12.896;129219
2;05-03-2025 01:37:26.805;05-03-2025 01:35:12.976;133829
3;05-03-2025 01:37:27.936;05-03-2025 01:35:12.938;134998
1;05-03-2025 01:37:28.466;05-03-2025 01:35:12.928;135538
2;05-03-2025 01:37:29.065;05-03-2025 01:35:12.976;136089
0;05-03-2025 01:37:29.227;05-03-2025 01:35:12.896;136331
2;05-03-2025 01:37:29.415;05-03-2025 01:35:12.976;136439
0;05-03-2025 01:37:30.874;05-03-2025 01:35:12.896;137978
2;05-03-2025 01:37:31.846;05-03-2025 01:35:12.976;138870
1;05-03-2025 01:37:32.323;05-03-2025 01:35:12.928;139395
2;05-03-2025 01:37:35.036;05-03-2025 01:35:12.976;142060
0;05-03-2025 01:37:35.509;05-03-2025 01:35:12.896;142613
1;05-03-2025 01:37:37.555;05-03-2025 01:35:12.928;144627
1;05-03-2025 01:37:37.567;05-03-2025 01:35:12.928;144639
3;05-03-2025 01:37:37.956;05-03-2025 01:35:12.938;145018
1;05-03-2025 01:37:38.064;05-03-2025 01:35:12.928;145136
0;05-03-2025 01:37:42.305;05-03-2025 01:35:12.896;149409
0;05-03-2025 01:37:42.494;05-03-2025 01:35:12.896;149598
0;05-03-2025 01:37:46.132;05-03-2025 01:35:12.896;153236
3;05-03-2025 01:37:47.867;05-03-2025 01:35:12.938;154929
1;05-03-2025 01:37:48.051;05-03-2025 01:35:12.928;155123
0;05-03-2025 01:37:48.735;05-03-2025 01:35:12.896;155839
1;05-03-2025 01:37:55.161;05-03-2025 01:35:12.928;162233
2;05-03-2025 01:37:55.861;05-03-2025 01:35:12.976;162885
3;05-03-2025 01:37:57.873;05-03-2025 01:35:12.938;164935
0;05-03-2025 01:37:59.555;05-03-2025 01:35:12.896;166659
2;05-03-2025 01:37:59.658;05-03-2025 01:35:12.976;166682
2;05-03-2025 01:38:01.043;05-03-2025 01:35:12.976;168067
1;05-03-2025 01:38:02.186;05-03-2025 01:35:12.928;169258
0;05-03-2025 01:38:05.202;05-03-2025 01:35:12.896;172306
0;05-03-2025 01:38:05.737;05-03-2025 01:35:12.896;172841
0;05-03-2025 01:38:05.901;05-03-2025 01:35:12.896;173005
3;05-03-2025 01:38:07.895;05-03-2025 01:35:12.938;174957
1;05-03-2025 01:38:10.221;05-03-2025 01:35:12.928;177293
1;05-03-2025 01:38:11.403;05-03-2025 01:35:12.928;178475
1;05-03-2025 01:38:13.342;05-03-2025 01:35:12.928;180414
2;05-03-2025 01:38:13.522;05-03-2025 01:35:12.976;180546
2;05-03-2025 01:38:13.945;05-03-2025 01:35:12.976;180969
2;05-03-2025 01:38:14.465;05-03-2025 01:35:12.976;181489
0;05-03-2025 01:38:15.994;05-03-2025 01:35:12.896;183098
3;05-03-2025 01:38:17.919;05-03-2025 01:35:12.938;184981
2;05-03-2025 01:38:19.096;05-03-2025 01:35:12.976;186120
2;05-03-2025 01:38:22.281;05-03-2025 01:35:12.976;189305
1;05-03-2025 01:38:25.199;05-03-2025 01:35:12.928;192271
0;05-03-2025 01:38:26.513;05-03-2025 01:35:12.896;193617
3;05-03-2025 01:38:27.939;05-03-2025 01:35:12.938;195001
1;05-03-2025 01:38:28.096;05-03-2025 01:35:12.928;195168
0;05-03-2025 01:38:28.908;05-03-2025 01:35:12.896;196012
0;05-03-2025 01:38:30.681;05-03-2025 01:35:12.896;197785
2;05-03-2025 01:38:31.346;05-03-2025 01:35:12.976;198370
1;05-03-2025 01:38:31.545;05-03-2025 01:35:12.928;198617
2;05-03-2025 01:38:36.763;05-03-2025 01:35:12.976;203787
2;05-03-2025 01:38:36.869;05-03-2025 01:35:12.976;203893
3;05-03-2025 01:38:37.961;05-03-2025 01:35:12.938;205023
1;05-03-2025 01:38:38.405;05-03-2025 01:35:12.928;205477
1;05-03-2025 01:38:39.415;05-03-2025 01:35:12.928;206487
0;05-03-2025 01:38:42.514;05-03-2025 01:35:12.896;209618
1;05-03-2025 01:38:43.011;05-03-2025 01:35:12.928;210083
0;05-03-2025 01:38:43.546;05-03-2025 01:35:12.896;210650
1;05-03-2025 01:38:45.202;05-03-2025 01:35:12.928;212274
2;05-03-2025 01:38:45.841;05-03-2025 01:35:12.976;212865
0;05-03-2025 01:38:46.960;05-03-2025 01:35:12.896;214064
1;05-03-2025 01:38:47.187;05-03-2025 01:35:12.928;214259
3;05-03-2025 01:38:47.867;05-03-2025 01:35:12.938;214929
0;05-03-2025 01:38:52.115;05-03-2025 01:35:12.896;219219
2;05-03-2025 01:38:52.972;05-03-2025 01:35:12.976;219996
0;05-03-2025 01:38:55.552;05-03-2025 01:35:12.896;222656
2;05-03-2025 01:38:56.926;05-03-2025 01:35:12.976;223950
3;05-03-2025 01:38:57.873;05-03-2025 01:35:12.938;224935
1;05-03-2025 01:39:01.505;05-03-2025 01:35:12.928;228577
0;05-03-2025 01:39:03.204;05-03-2025 01:35:12.896;230308
2;05-03-2025 01:39:04.123;05-03-2025 01:35:12.976;231147
1;05-03-2025 01:39:05.221;05-03-2025 01:35:12.928;232293
1;05-03-2025 01:39:06.749;05-03-2025 01:35:12.928;233821
3;05-03-2025 01:39:07.893;05-03-2025 01:35:12.938;234955
2;05-03-2025 01:39:08.879;05-03-2025 01:35:12.976;235903
1;05-03-2025 01:39:10.535;05-03-2025 01:35:12.928;237607
2;05-03-2025 01:39:11.023;05-03-2025 01:35:12.976;238047
2;05-03-2025 01:39:11.213;05-03-2025 01:35:12.976;238237
0;05-03-2025 01:39:15.127;05-03-2025 01:35:12.896;242231
2;05-03-2025 01:39:15.256;05-03-2025 01:35:12.976;242280
2;05-03-2025 01:39:16.439;05-03-2025 01:35:12.976;243463
0;05-03-2025 01:39:17.759;05-03-2025 01:35:12.896;244863
3;05-03-2025 01:39:17.918;05-03-2025 01:35:12.938;244980
1;05-03-2025 01:39:18.820;05-03-2025 01:35:12.928;245892
0;05-03-2025 01:39:19.521;05-03-2025 01:35:12.896;246625
2;05-03-2025 01:39:21.749;05-03-2025 01:35:12.976;248773
2;05-03-2025 01:39:22.010;05-03-2025 01:35:12.976;249034
1;05-03-2025 01:39:24.539;05-03-2025 01:35:12.928;251611
0;05-03-2025 01:39:26.082;05-03-2025 01:35:12.896;253186
0;05-03-2025 01:39:26.118;05-03-2025 01:35:12.896;253222
1;05-03-2025 01:39:26.376;05-03-2025 01:35:12.928;253448
3;05-03-2025 01:39:27.938;05-03-2025 01:35:12.938;255000
1;05-03-2025 01:39:28.643;05-03-2025 01:35:12.928;255715
2;05-03-2025 01:39:34.012;05-03-2025 01:35:12.976;261036
3;05-03-2025 01:39:37.958;05-03-2025 01:35:12.938;265020
0;05-03-2025 01:39:38.013;05-03-2025 01:35:12.896;265117
2;05-03-2025 01:39:39.831;05-03-2025 01:35:12.976;266855
0;05-03-2025 01:39:42.382;05-03-2025 01:35:12.896;269486
2;05-03-2025 01:39:42.648;05-03-2025 01:35:12.976;269672
1;05-03-2025 01:39:43.285;05-03-2025 01:35:12.928;270357
0;05-03-2025 01:39:43.804;05-03-2025 01:35:12.896;270908
0;05-03-2025 01:39:44.072;05-03-2025 01:35:12.896;271176
1;05-03-2025 01:39:45.664;05-03-2025 01:35:12.928;272736
2;05-03-2025 01:39:47.617;05-03-2025 01:35:12.976;274641
3;05-03-2025 01:39:47.867;05-03-2025 01:35:12.938;274929
1;05-03-2025 01:39:49.047;05-03-2025 01:35:12.928;276119
1;05-03-2025 01:39:55.947;05-03-2025 01:35:12.928;283019
3;05-03-2025 01:39:57.872;05-03-2025 01:35:12.938;284934
0;05-03-2025 01:39:58.204;05-03-2025 01:35:12.896;285308
0;05-03-2025 01:39:58.881;05-03-2025 01:35:12.896;285985
2;05-03-2025 01:40:02.046;05-03-2025 01:35:12.976;289070
1;05-03-2025 01:40:02.634;05-03-2025 01:35:12.928;289706
1;05-03-2025 01:40:02.696;05-03-2025 01:35:12.928;289768
2;05-03-2025 01:40:04.172;05-03-2025 01:35:12.976;291196
2;05-03-2025 01:40:05.451;05-03-2025 01:35:12.976;292475
0;05-03-2025 01:40:06.367;05-03-2025 01:35:12.896;293471
2;05-03-2025 01:40:07.355;05-03-2025 01:35:12.976;294379
1;05-03-2025 01:40:07.421;05-03-2025 01:35:12.928;294493
3;05-03-2025 01:40:07.895;05-03-2025 01:35:12.938;294957
0;05-03-2025 01:40:13.676;05-03-2025 01:35:12.896;300780
0;05-03-2025 01:40:14.106;05-03-2025 01:35:12.896;301210
0;05-03-2025 01:40:14.866;05-03-2025 01:35:12.896;301970
0;05-03-2025 01:40:16.596;05-03-2025 01:35:12.896;303700
3;05-03-2025 01:40:17.918;05-03-2025 01:35:12.938;304980
1;05-03-2025 01:40:19.784;05-03-2025 01:35:12.928;306856
2;05-03-2025 01:40:20.740;05-03-2025 01:35:12.976;307764
1;05-03-2025 01:40:22.002;05-03-2025 01:35:12.928;309074
2;05-03-2025 01:40:22.478;05-03-2025 01:35:12.976;309502
0;05-03-2025 01:40:23.075;05-03-2025 01:35:12.896;310179
3;05-03-2025 01:40:27.942;05-03-2025 01:35:12.938;315004
0;05-03-2025 01:40:28.909;05-03-2025 01:35:12.896;316013
1;05-03-2025 01:40:32.228;05-03-2025 01:35:12.928;319300
1;05-03-2025 01:40:32.736;05-03-2025 01:35:12.928;319808
2;05-03-2025 01:40:35.502;05-03-2025 01:35:12.976;322526
2;05-03-2025 01:40:37.081;05-03-2025 01:35:12.976;324105
3;05-03-2025 01:40:37.964;05-03-2025 01:35:12.938;325026
1;05-03-2025 01:40:38.262;05-03-2025 01:35:12.928;325334
0;05-03-2025 01:40:43.754;05-03-2025 01:35:12.896;330858
2;05-03-2025 01:40:43.936;05-03-2025 01:35:12.976;330960
1;05-03-2025 01:40:47.839;05-03-2025 01:35:12.928;334911
0;05-03-2025 01:40:47.863;05-03-2025 01:35:12.896;334967
3;05-03-2025 01:40:47.873;05-03-2025 01:35:12.938;334935
0;05-03-2025 01:40:48.644;05-03-2025 01:35:12.896;335748
2;05-03-2025 01:40:48.905;05-03-2025 01:35:12.976;335929
0;05-03-2025 01:40:50.714;05-03-2025 01:35:12.896;337818
1;05-03-2025 01:40:50.854;05-03-2025 01:35:12.928;337926
1;05-03-2025 01:40:51.813;05-03-2025 01:35:12.928;338885
1;05-03-2025 01:40:54.184;05-03-2025 01:35:12.928;341256
2;05-03-2025 01:40:56.949;05-03-2025 01:35:12.976;343973
3;05-03-2025 01:40:57.873;05-03-2025 01:35:12.938;344935
1;05-03-2025 01:40:58.794;05-03-2025 01:35:12.928;345866
0;05-03-2025 01:40:59.870;05-03-2025 01:35:12.896;346974
2;05-03-2025 01:41:00.925;05-03-2025 01:35:12.976;347949
1;05-03-2025 01:41:01.407;05-03-2025 01:35:12.928;348479
1;05-03-2025 01:41:02.587;05-03-2025 01:35:12.928;349659
0;05-03-2025 01:41:02.925;05-03-2025 01:35:12.896;350029
2;05-03-2025 01:41:04.127;05-03-2025 01:35:12.976;351151
2;05-03-2025 01:41:05.177;05-03-2025 01:35:12.976;352201
2;05-03-2025 01:41:05.494;05-03-2025 01:35:12.976;352518
0;05-03-2025 01:41:06.192;05-03-2025 01:35:12.896;353296
1;05-03-2025 01:41:06.620;05-03-2025 01:35:12.928;353692
3;05-03-2025 01:41:07.901;05-03-2025 01:35:12.938;354963
1;05-03-2025 01:41:10.190;05-03-2025 01:35:12.928;357262
2;05-03-2025 01:41:11.174;05-03-2025 01:35:12.976;358198
0;05-03-2025 01:41:13.754;05-03-2025 01:35:12.896;360858
0;05-03-2025 01:41:17.828;05-03-2025 01:35:12.896;364932
3;05-03-2025 01:41:17.927;05-03-2025 01:35:12.938;364989
0;05-03-2025 01:41:20.180;05-03-2025 01:35:12.896;367284
0;05-03-2025 01:41:20.910;05-03-2025 01:35:12.896;368014
1;05-03-2025 01:41:22.360;05-03-2025 01:35:12.928;369432
2;05-03-2025 01:41:23.646;05-03-2025 01:35:12.976;370670
0;05-03-2025 01:41:26.190;05-03-2025 01:35:12.896;373294
3;05-03-2025 01:41:27.946;05-03-2025 01:35:12.938;375008
1;05-03-2025 01:41:30.610;05-03-2025 01:35:12.928;377682
2;05-03-2025 01:41:30.670;05-03-2025 01:35:12.976;377694
0;05-03-2025 01:41:33.581;05-03-2025 01:35:12.896;380685
2;05-03-2025 01:41:33.720;05-03-2025 01:35:12.976;380744
2;05-03-2025 01:41:34.158;05-03-2025 01:35:12.976;381182
2;05-03-2025 01:41:34.539;05-03-2025 01:35:12.976;381563
1;05-03-2025 01:41:35.870;05-03-2025 01:35:12.928;382942
1;05-03-2025 01:41:37.062;05-03-2025 01:35:12.928;384134
3;05-03-2025 01:41:37.972;05-03-2025 01:35:12.938;385034
2;05-03-2025 01:41:41.066;05-03-2025 01:35:12.976;388090
1;05-03-2025 01:41:41.142;05-03-2025 01:35:12.928;388214
0;05-03-2025 01:41:41.531;05-03-2025 01:35:12.896;388635
1;05-03-2025 01:41:44.933;05-03-2025 01:35:12.928;392005
2;05-03-2025 01:41:47.788;05-03-2025 01:35:12.976;394812
3;05-03-2025 01:41:47.866;05-03-2025 01:35:12.938;394928
0;05-03-2025 01:41:49.737;05-03-2025 01:35:12.896;396841
1;05-03-2025 01:41:53.196;05-03-2025 01:35:12.928;400268
0;05-03-2025 01:41:53.753;05-03-2025 01:35:12.896;400857
2;05-03-2025 01:41:54.954;05-03-2025 01:35:12.976;401978
0;05-03-2025 01:41:54.975;05-03-2025 01:35:12.896;402079
3;05-03-2025 01:41:57.871;05-03-2025 01:35:12.938;404933
0;05-03-2025 01:41:59.342;05-03-2025 01:35:12.896;406446
2;05-03-2025 01:42:00.243;05-03-2025 01:35:12.976;407267
2;05-03-2025 01:42:01.017;05-03-2025 01:35:12.976;408041
1;05-03-2025 01:42:01.358;05-03-2025 01:35:12.928;408430
0;05-03-2025 01:42:02.638;05-03-2025 01:35:12.896;409742
1;05-03-2025 01:42:05.539;05-03-2025 01:35:12.928;412611
3;05-03-2025 01:42:07.892;05-03-2025 01:35:12.938;414954
1;05-03-2025 01:42:08.405;05-03-2025 01:35:12.928;415477
0;05-03-2025 01:42:17.248;05-03-2025 01:35:12.896;424352
3;05-03-2025 01:42:17.912;05-03-2025 01:35:12.938;424974
2;05-03-2025 01:42:18.233;05-03-2025 01:35:12.976;425257
1;05-03-2025 01:42:19.118;05-03-2025 01:35:12.928;426190
1;05-03-2025 01:42:19.138;05-03-2025 01:35:12.928;426210
2;05-03-2025 01:42:20.035;05-03-2025 01:35:12.976;427059
2;05-03-2025 01:42:20.726;05-03-2025 01:35:12.976;427750
1;05-03-2025 01:42:21.873;05-03-2025 01:35:12.928;428945
0;05-03-2025 01:42:22.217;05-03-2025 01:35:12.896;429321
1;05-03-2025 01:42:22.608;05-03-2025 01:35:12.928;429680
2;05-03-2025 01:42:23.170;05-03-2025 01:35:12.976;430194
2;05-03-2025 01:42:24.122;05-03-2025 01:35:12.976;431146
1;05-03-2025 01:42:25.973;05-03-2025 01:35:12.928;433045
3;05-03-2025 01:42:27.931;05-03-2025 01:35:12.938;434993
0;05-03-2025 01:42:33.456;05-03-2025 01:35:12.896;440560
1;05-03-2025 01:42:33.883;05-03-2025 01:35:12.928;440955
2;05-03-2025 01:42:34.689;05-03-2025 01:35:12.976;441713
0;05-03-2025 01:42:34.935;05-03-2025 01:35:12.896;442039
2;05-03-2025 01:42:35.064;05-03-2025 01:35:12.976;442088
3;05-03-2025 01:42:37.950;05-03-2025 01:35:12.938;445012
2;05-03-2025 01:42:41.562;05-03-2025 01:35:12.976;448586
0;05-03-2025 01:42:42.362;05-03-2025 01:35:12.896;449466
0;05-03-2025 01:42:42.667;05-03-2025 01:35:12.896;449771
1;05-03-2025 01:42:43.841;05-03-2025 01:35:12.928;450913
0;05-03-2025 01:42:44.773;05-03-2025 01:35:12.896;451877
2;05-03-2025 01:42:44.870;05-03-2025 01:35:12.976;451894
3;05-03-2025 01:42:47.866;05-03-2025 01:35:12.938;454928
0;05-03-2025 01:42:50.369;05-03-2025 01:35:12.896;457473
1;05-03-2025 01:42:50.605;05-03-2025 01:35:12.928;457677
2;05-03-2025 01:42:53.393;05-03-2025 01:35:12.976;460417
2;05-03-2025 01:42:53.719;05-03-2025 01:35:12.976;460743
1;05-03-2025 01:42:55.658;05-03-2025 01:35:12.928;462730
0;05-03-2025 01:42:56.349;05-03-2025 01:35:12.896;463453
3;05-03-2025 01:42:57.873;05-03-2025 01:35:12.938;464935
1;05-03-2025 01:42:58.395;05-03-2025 01:35:12.928;465467
0;05-03-2025 01:42:59.343;05-03-2025 01:35:12.896;466447
2;05-03-2025 01:43:01.128;05-03-2025 01:35:12.976;468152
2;05-03-2025 01:43:01.336;05-03-2025 01:35:12.976;468360
0;05-03-2025 01:43:07.243;05-03-2025 01:35:12.896;474347
1;05-03-2025 01:43:07.797;05-03-2025 01:35:12.928;474869
3;05-03-2025 01:43:07.899;05-03-2025 01:35:12.938;474961
1;05-03-2025 01:43:08.714;05-03-2025 01:35:12.928;475786
0;05-03-2025 01:43:10.497;05-03-2025 01:35:12.896;477601
1;05-03-2025 01:43:10.933;05-03-2025 01:35:12.928;478005
2;05-03-2025 01:43:13.843;05-03-2025 01:35:12.976;480867
1;05-03-2025 01:43:14.675;05-03-2025 01:35:12.928;481747
2;05-03-2025 01:43:17.009;05-03-2025 01:35:12.976;484033
0;05-03-2025 01:43:19.511;05-03-2025 01:35:12.896;486615
0;05-03-2025 01:43:21.361;05-03-2025 01:35:12.896;488465
0;05-03-2025 01:43:22.575;05-03-2025 01:35:12.896;489679
1;05-03-2025 01:43:25.917;05-03-2025 01:35:12.928;492989
2;05-03-2025 01:43:26.523;05-03-2025 01:35:12.976;493547
2;05-03-2025 01:43:27.029;05-03-2025 01:35:12.976;494053
0;05-03-2025 01:43:29.419;05-03-2025 01:35:12.896;496523
1;05-03-2025 01:43:30.716;05-03-2025 01:35:12.928;497788
0;05-03-2025 01:43:35.762;05-03-2025 01:35:12.896;502866
2;05-03-2025 01:43:39.255;05-03-2025 01:35:12.976;506279
2;05-03-2025 01:43:40.548;05-03-2025 01:35:12.976;507572
0;05-03-2025 01:43:43.018;05-03-2025 01:35:12.896;510122
1;05-03-2025 01:43:44.773;05-03-2025 01:35:12.928;511845
1;05-03-2025 01:43:45.589;05-03-2025 01:35:12.928;512661
0;05-03-2025 01:43:47.169;05-03-2025 01:35:12.896;514273
2;05-03-2025 01:43:48.942;05-03-2025 01:35:12.976;515966
1;05-03-2025 01:43:49.274;05-03-2025 01:35:12.928;516346
2;05-03-2025 01:43:49.287;05-03-2025 01:35:12.976;516311
0;05-03-2025 01:43:52.587;05-03-2025 01:35:12.896;519691
2;05-03-2025 01:43:53.746;05-03-2025 01:35:12.976;520770
0;05-03-2025 01:43:54.688;05-03-2025 01:35:12.896;521792
2;05-03-2025 01:43:54.841;05-03-2025 01:35:12.976;521865
0;05-03-2025 01:43:54.972;05-03-2025 01:35:12.896;522076
1;05-03-2025 01:43:58.216;05-03-2025 01:35:12.928;525288
1;05-03-2025 01:43:59.472;05-03-2025 01:35:12.928;526544
0;05-03-2025 01:44:02.460;05-03-2025 01:35:12.896;529564
2;05-03-2025 01:44:03.342;05-03-2025 01:35:12.976;530366
1;05-03-2025 01:44:03.542;05-03-2025 01:35:12.928;530614
1;05-03-2025 01:44:05.388;05-03-2025 01:35:12.928;532460
2;05-03-2025 01:44:05.738;05-03-2025 01:35:12.976;532762
0;05-03-2025 01:44:07.247;05-03-2025 01:35:12.896;534351
1;05-03-2025 01:44:12.417;05-03-2025 01:35:12.928;539489
0;05-03-2025 01:44:15.945;05-03-2025 01:35:12.896;543049
1;05-03-2025 01:44:16.398;05-03-2025 01:35:12.928;543470
1;05-03-2025 01:44:17.868;05-03-2025 01:35:12.928;544940
1;05-03-2025 01:44:20.615;05-03-2025 01:35:12.928;547687
2;05-03-2025 01:44:24.415;05-03-2025 01:35:12.976;551439
1;05-03-2025 01:44:25.138;05-03-2025 01:35:12.928;552210
0;05-03-2025 01:44:26.122;05-03-2025 01:35:12.896;553226
2;05-03-2025 01:44:26.859;05-03-2025 01:35:12.976;553883
0;05-03-2025 01:44:28.859;05-03-2025 01:35:12.896;555963
2;05-03-2025 01:44:30.061;05-03-2025 01:35:12.976;557085
2;05-03-2025 01:44:32.611;05-03-2025 01:35:12.976;559635
0;05-03-2025 01:44:33.598;05-03-2025 01:35:12.896;560702
1;05-03-2025 01:44:38.764;05-03-2025 01:35:12.928;565836
0;05-03-2025 01:44:39.900;05-03-2025 01:35:12.896;567004
2;05-03-2025 01:44:40.809;05-03-2025 01:35:12.976;567833
0;05-03-2025 01:44:41.455;05-03-2025 01:35:12.896;568559
1;05-03-2025 01:44:41.951;05-03-2025 01:35:12.928;569023
0;05-03-2025 01:44:42.424;05-03-2025 01:35:12.896;569528
2;05-03-2025 01:44:42.731;05-03-2025 01:35:12.976;569755
1;05-03-2025 01:44:45.942;05-03-2025 01:35:12.928;573014
0;05-03-2025 01:44:46.870;05-03-2025 01:35:12.896;573974
2;05-03-2025 01:44:47.514;05-03-2025 01:35:12.976;574538
1;05-03-2025 01:44:48.302;05-03-2025 01:35:12.928;575374
2;05-03-2025 01:44:48.764;05-03-2025 01:35:12.976;575788
1;05-03-2025 01:44:52.062;05-03-2025 01:35:12.928;579134
1;05-03-2025 01:44:53.446;05-03-2025 01:35:12.928;580518
2;05-03-2025 01:44:54.161;05-03-2025 01:35:12.976;581185
2;05-03-2025 01:44:54.493;05-03-2025 01:35:12.976;581517
1;05-03-2025 01:44:57.393;05-03-2025 01:35:12.928;584465
1;05-03-2025 01:45:06.348;05-03-2025 01:35:12.928;593420
0;05-03-2025 01:45:07.452;05-03-2025 01:35:12.896;594556
0;05-03-2025 01:45:07.486;05-03-2025 01:35:12.896;594590
1;05-03-2025 01:45:10.974;05-03-2025 01:35:12.928;598046
2;05-03-2025 01:45:13.089;05-03-2025 01:35:12.976;600113
2;05-03-2025 01:45:15.498;05-03-2025 01:35:12.976;602522
0;05-03-2025 01:45:16.267;05-03-2025 01:35:12.896;603371
2;05-03-2025 01:45:17.779;05-03-2025 01:35:12.976;604803
1;05-03-2025 01:45:18.948;05-03-2025 01:35:12.928;606020
0;05-03-2025 01:45:20.221;05-03-2025 01:35:12.896;607325
2;05-03-2025 01:45:20.625;05-03-2025 01:35:12.976;607649
0;05-03-2025 01:45:20.850;05-03-2025 01:35:12.896;607954
0;05-03-2025 01:45:20.923;05-03-2025 01:35:12.896;608027
0;05-03-2025 01:45:21.248;05-03-2025 01:35:12.896;608352
0;05-03-2025 01:45:22.141;05-03-2025 01:35:12.896;609245
2;05-03-2025 01:45:23.271;05-03-2025 01:35:12.976;610295
1;05-03-2025 01:45:26.971;05-03-2025 01:35:12.928;614043
1;05-03-2025 01:45:28.281;05-03-2025 01:35:12.928;615353
2;05-03-2025 01:45:28.409;05-03-2025 01:35:12.976;615433
1;05-03-2025 01:45:28.439;05-03-2025 01:35:12.928;615511
0;05-03-2025 01:45:28.962;05-03-2025 01:35:12.896;616066
1;05-03-2025 01:45:41.093;05-03-2025 01:35:12.928;628165
2;05-03-2025 01:45:44.513;05-03-2025 01:35:12.976;631537
2;05-03-2025 01:45:46.394;05-03-2025 01:35:12.976;633418
0;05-03-2025 01:45:49.381;05-03-2025 01:35:12.896;636485
1;05-03-2025 01:45:50.586;05-03-2025 01:35:12.928;637658
0;05-03-2025 01:45:50.950;05-03-2025 01:35:12.896;638054
0;05-03-2025 01:45:50.986;05-03-2025 01:35:12.896;638090
2;05-03-2025 01:45:54.007;05-03-2025 01:35:12.976;641031
2;05-03-2025 01:45:54.916;05-03-2025 01:35:12.976;641940
1;05-03-2025 01:45:56.421;05-03-2025 01:35:12.928;643493
1;05-03-2025 01:45:58.850;05-03-2025 01:35:12.928;645922
1;05-03-2025 01:45:59.074;05-03-2025 01:35:12.928;646146
0;05-03-2025 01:46:00.344;05-03-2025 01:35:12.896;647448
2;05-03-2025 01:46:01.712;05-03-2025 01:35:12.976;648736
0;05-03-2025 01:46:05.391;05-03-2025 01:35:12.896;652495
0;05-03-2025 01:46:06.866;05-03-2025 01:35:12.896;653970
2;05-03-2025 01:46:06.938;05-03-2025 01:35:12.976;653962
1;05-03-2025 01:46:07.948;05-03-2025 01:35:12.928;655020
2;05-03-2025 01:46:08.604;05-03-2025 01:35:12.976;655628
1;05-03-2025 01:46:09.418;05-03-2025 01:35:12.928;656490
1;05-03-2025 01:46:09.621;05-03-2025 01:35:12.928;656693
0;05-03-2025 01:46:10.231;05-03-2025 01:35:12.896;657335
1;05-03-2025 01:46:10.438;05-03-2025 01:35:12.928;657510
2;05-03-2025 01:46:12.431;05-03-2025 01:35:12.976;659455
2;05-03-2025 01:46:16.218;05-03-2025 01:35:12.976;663242
1;05-03-2025 01:46:21.886;05-03-2025 01:35:12.928;668958
1;05-03-2025 01:46:22.764;05-03-2025 01:35:12.928;669836
2;05-03-2025 01:46:23.358;05-03-2025 01:35:12.976;670382
0;05-03-2025 01:46:23.630;05-03-2025 01:35:12.896;670734
2;05-03-2025 01:46:24.779;05-03-2025 01:35:12.976;671803
0;05-03-2025 01:46:25.793;05-03-2025 01:35:12.896;672897
0;05-03-2025 01:46:28.048;05-03-2025 01:35:12.896;675152
2;05-03-2025 01:46:30.526;05-03-2025 01:35:12.976;677550
0;05-03-2025 01:46:33.041;05-03-2025 01:35:12.896;680145
0;05-03-2025 01:46:33.779;05-03-2025 01:35:12.896;680883
0;05-03-2025 01:46:34.024;05-03-2025 01:35:12.896;681128
2;05-03-2025 01:46:34.664;05-03-2025 01:35:12.976;681688
1;05-03-2025 01:46:35.327;05-03-2025 01:46:26.600;8727
0;05-03-2025 01:46:35.623;05-03-2025 01:35:12.896;682727
1;05-03-2025 01:46:36.694;05-03-2025 01:46:26.600;10094
1;05-03-2025 01:46:37.320;05-03-2025 01:46:26.600;10720
2;05-03-2025 01:46:40.610;05-03-2025 01:35:12.976;687634
2;05-03-2025 01:46:45.712;05-03-2025 01:35:12.976;692736
1;05-03-2025 01:46:45.912;05-03-2025 01:46:26.600;19312
1;05-03-2025 01:46:48.768;05-03-2025 01:46:26.600;22168
0;05-03-2025 01:46:50.551;05-03-2025 01:35:12.896;697655
2;05-03-2025 01:46:51.505;05-03-2025 01:35:12.976;698529
2;05-03-2025 01:46:52.076;05-03-2025 01:35:12.976;699100
1;05-03-2025 01:46:53.746;05-03-2025 01:46:26.600;27146
0;05-03-2025 01:46:56.026;05-03-2025 01:35:12.896;703130
2;05-03-2025 01:47:01.749;05-03-2025 01:35:12.976;708773
2;05-03-2025 01:47:02.537;05-03-2025 01:35:12.976;709561
2;05-03-2025 01:47:05.256;05-03-2025 01:35:12.976;712280
0;05-03-2025 01:47:05.409;05-03-2025 01:47:02.062;3347
1;05-03-2025 01:47:09.012;05-03-2025 01:46:59.653;9359
0;05-03-2025 01:47:09.624;05-03-2025 01:47:02.062;7562
2;05-03-2025 01:47:12.577;05-03-2025 01:47:09.316;3261
2;05-03-2025 01:47:13.268;05-03-2025 01:47:09.316;3952
0;05-03-2025 01:47:16.153;05-03-2025 01:47:02.062;14091
1;05-03-2025 01:47:19.184;05-03-2025 01:46:59.653;19531
1;05-03-2025 01:47:19.255;05-03-2025 01:46:59.653;19602
1;05-03-2025 01:47:20.135;05-03-2025 01:46:59.653;20482
2;05-03-2025 01:47:22.199;05-03-2025 01:47:09.316;12883
1;05-03-2025 01:47:23.281;05-03-2025 01:46:59.653;23628
0;05-03-2025 01:47:30.773;05-03-2025 01:47:02.062;28711
2;05-03-2025 01:47:35.948;05-03-2025 01:47:09.316;26632
1;05-03-2025 01:47:37.178;05-03-2025 01:46:59.653;37525
0;05-03-2025 01:47:39.324;05-03-2025 01:47:35.668;3656
0;05-03-2025 01:47:45.050;05-03-2025 01:47:35.668;9382
0;05-03-2025 01:47:46.171;05-03-2025 01:47:35.668;10503
1;05-03-2025 01:47:54.388;05-03-2025 01:46:59.653;54735
0;05-03-2025 01:47:55.671;05-03-2025 01:47:35.668;20003
2;05-03-2025 01:48:00.243;05-03-2025 01:47:09.316;50927
1;05-03-2025 01:48:01.171;05-03-2025 01:46:59.653;61518
0;05-03-2025 01:48:01.711;05-03-2025 01:47:56.465;5246
2;05-03-2025 01:48:03.675;05-03-2025 01:48:02.833;842
2;05-03-2025 01:48:04.074;05-03-2025 01:48:02.833;1241
1;05-03-2025 01:48:05.695;05-03-2025 01:48:01.441;4254
1;05-03-2025 01:48:06.124;05-03-2025 01:48:01.441;4683
0;05-03-2025 01:48:16.203;05-03-2025 01:48:06.305;9898
2;05-03-2025 01:48:20.137;05-03-2025 01:48:02.833;17304
2;05-03-2025 01:48:21.704;05-03-2025 01:48:02.833;18871
2;05-03-2025 01:48:27.581;05-03-2025 01:48:02.833;24748
1;05-03-2025 01:48:29.335;05-03-2025 01:48:22.640;6695
0;05-03-2025 01:48:32.620;05-03-2025 01:48:30.479;2141
2;05-03-2025 01:48:34.202;05-03-2025 01:48:02.833;31369
0;05-03-2025 01:48:35.699;05-03-2025 01:48:30.479;5220
1;05-03-2025 01:48:35.714;05-03-2025 01:48:22.640;13074
0;05-03-2025 01:48:36.544;05-03-2025 01:48:30.479;6065
3;05-03-2025 01:48:37.883;05-03-2025 01:48:32.901;4982
0;05-03-2025 01:48:38.098;05-03-2025 01:48:30.479;7619
2;05-03-2025 01:48:49.445;05-03-2025 01:48:46.520;2925
2;05-03-2025 01:48:49.511;05-03-2025 01:48:46.520;2991
2;05-03-2025 01:48:58.519;05-03-2025 01:48:46.520;11999
0;05-03-2025 01:49:00.404;05-03-2025 01:48:46.120;14284
0;05-03-2025 01:49:08.282;05-03-2025 01:48:46.120;22162
0;05-03-2025 01:49:18.301;05-03-2025 01:49:11.458;6843
2;05-03-2025 01:49:20.389;05-03-2025 01:49:15.495;4894
3;05-03-2025 01:49:37.884;05-03-2025 01:49:32.893;4991
0;05-03-2025 01:49:44.482;05-03-2025 01:49:36.213;8269
2;05-03-2025 01:50:01.242;05-03-2025 01:49:15.495;45747
0;05-03-2025 01:50:09.496;05-03-2025 01:50:00.916;8580
1;05-03-2025 01:50:09.910;05-03-2025 01:50:01.108;8802
3;05-03-2025 01:50:12.877;05-03-2025 01:49:57.901;14976
0;05-03-2025 01:50:31.999;05-03-2025 01:50:00.916;31083
0;05-03-2025 01:50:35.255;05-03-2025 01:50:00.916;34339
2;05-03-2025 01:50:45.752;05-03-2025 01:49:15.495;90257
1;05-03-2025 01:51:00.513;05-03-2025 01:50:01.108;59405
2;05-03-2025 01:51:04.725;05-03-2025 01:49:15.495;109230
2;05-03-2025 01:51:09.091;05-03-2025 01:49:15.495;113596
2;05-03-2025 01:51:10.247;05-03-2025 01:49:15.495;114752
0;05-03-2025 01:51:15.964;05-03-2025 01:51:13.062;2902
2;05-03-2025 01:51:16.616;05-03-2025 01:49:15.495;121121
2;05-03-2025 01:51:18.511;05-03-2025 01:49:15.495;123016
2;05-03-2025 01:51:18.808;05-03-2025 01:49:15.495;123313
1;05-03-2025 01:51:19.686;05-03-2025 01:50:01.108;78578
1;05-03-2025 01:51:31.208;05-03-2025 01:50:01.108;90100
2;05-03-2025 01:51:36.878;05-03-2025 01:49:15.495;141383
1;05-03-2025 01:51:38.635;05-03-2025 01:50:01.108;97527
1;05-03-2025 01:51:39.499;05-03-2025 01:50:01.108;98391
2;05-03-2025 01:51:40.377;05-03-2025 01:49:15.495;144882
1;05-03-2025 01:51:40.827;05-03-2025 01:50:01.108;99719
2;05-03-2025 01:51:40.840;05-03-2025 01:49:15.495;145345
1;05-03-2025 01:51:43.422;05-03-2025 01:50:01.108;102314
1;05-03-2025 01:51:45.225;05-03-2025 01:50:01.108;104117
2;05-03-2025 01:51:49.108;05-03-2025 01:49:15.495;153613
1;05-03-2025 01:51:49.862;05-03-2025 01:50:01.108;108754
2;05-03-2025 01:51:50.990;05-03-2025 01:49:15.495;155495
2;05-03-2025 01:51:55.725;05-03-2025 01:49:15.495;160230
2;05-03-2025 01:51:57.083;05-03-2025 01:49:15.495;161588
1;05-03-2025 01:52:07.621;05-03-2025 01:50:01.108;126513
1;05-03-2025 01:52:09.963;05-03-2025 01:50:01.108;128855
2;05-03-2025 01:52:10.070;05-03-2025 01:49:15.495;174575
2;05-03-2025 01:52:10.672;05-03-2025 01:49:15.495;175177
1;05-03-2025 01:52:11.238;05-03-2025 01:50:01.108;130130
1;05-03-2025 01:52:16.647;05-03-2025 01:50:01.108;135539
1;05-03-2025 01:52:20.447;05-03-2025 01:50:01.108;139339
2;05-03-2025 01:52:21.244;05-03-2025 01:49:15.495;185749
1;05-03-2025 01:52:22.205;05-03-2025 01:50:01.108;141097
1;05-03-2025 01:52:23.681;05-03-2025 01:50:01.108;142573
2;05-03-2025 01:52:25.185;05-03-2025 01:49:15.495;189690
1;05-03-2025 01:52:25.649;05-03-2025 01:50:01.108;144541
2;05-03-2025 01:52:27.236;05-03-2025 01:49:15.495;191741
2;05-03-2025 01:52:28.755;05-03-2025 01:49:15.495;193260
2;05-03-2025 01:52:28.976;05-03-2025 01:49:15.495;193481
2;05-03-2025 01:52:32.864;05-03-2025 01:49:15.495;197369
2;05-03-2025 01:52:34.529;05-03-2025 01:49:15.495;199034
2;05-03-2025 01:52:39.725;05-03-2025 01:49:15.495;204230
1;05-03-2025 01:52:49.966;05-03-2025 01:50:01.108;168858
1;05-03-2025 01:52:51.608;05-03-2025 01:50:01.108;170500
1;05-03-2025 01:52:57.210;05-03-2025 01:50:01.108;176102
1;05-03-2025 01:52:57.262;05-03-2025 01:50:01.108;176154
2;05-03-2025 01:52:57.808;05-03-2025 01:49:15.495;222313
2;05-03-2025 01:53:02.560;05-03-2025 01:49:15.495;227065
2;05-03-2025 01:53:02.606;05-03-2025 01:49:15.495;227111
1;05-03-2025 01:53:10.224;05-03-2025 01:50:01.108;189116
1;05-03-2025 01:53:10.428;05-03-2025 01:50:01.108;189320
1;05-03-2025 01:53:15.087;05-03-2025 01:50:01.108;193979
1;05-03-2025 01:53:15.796;05-03-2025 01:50:01.108;194688
2;05-03-2025 01:53:21.452;05-03-2025 01:49:15.495;245957
2;05-03-2025 01:53:24.215;05-03-2025 01:49:15.495;248720
1;05-03-2025 01:53:24.959;05-03-2025 01:50:01.108;203851
2;05-03-2025 01:53:25.290;05-03-2025 01:49:15.495;249795
2;05-03-2025 01:53:26.019;05-03-2025 01:49:15.495;250524
1;05-03-2025 01:53:28.811;05-03-2025 01:50:01.108;207703
2;05-03-2025 01:53:31.638;05-03-2025 01:49:15.495;256143
1;05-03-2025 01:53:34.839;05-03-2025 01:50:01.108;213731
1;05-03-2025 01:53:35.207;05-03-2025 01:50:01.108;214099
1;05-03-2025 01:53:35.340;05-03-2025 01:50:01.108;214232
2;05-03-2025 01:53:38.953;05-03-2025 01:49:15.495;263458
2;05-03-2025 01:53:40.483;05-03-2025 01:49:15.495;264988
1;05-03-2025 01:53:40.685;05-03-2025 01:50:01.108;219577
2;05-03-2025 01:53:43.133;05-03-2025 01:49:15.495;267638
2;05-03-2025 01:53:44.955;05-03-2025 01:49:15.495;269460
1;05-03-2025 01:53:45.592;05-03-2025 01:50:01.108;224484
2;05-03-2025 01:53:45.898;05-03-2025 01:49:15.495;270403
1;05-03-2025 01:53:54.750;05-03-2025 01:50:01.108;233642
1;05-03-2025 01:54:02.142;05-03-2025 01:50:01.108;241034
2;05-03-2025 01:54:03.129;05-03-2025 01:49:15.495;287634
2;05-03-2025 01:54:03.486;05-03-2025 01:49:15.495;287991
1;05-03-2025 01:54:07.239;05-03-2025 01:50:01.108;246131
1;05-03-2025 01:54:07.372;05-03-2025 01:50:01.108;246264
2;05-03-2025 01:54:08.325;05-03-2025 01:49:15.495;292830
1;05-03-2025 01:54:15.141;05-03-2025 01:50:01.108;254033
2;05-03-2025 01:54:16.700;05-03-2025 01:49:15.495;301205
1;05-03-2025 01:54:19.106;05-03-2025 01:50:01.108;257998
2;05-03-2025 01:54:20.773;05-03-2025 01:49:15.495;305278
1;05-03-2025 01:54:23.396;05-03-2025 01:50:01.108;262288
1;05-03-2025 01:54:24.067;05-03-2025 01:50:01.108;262959
2;05-03-2025 01:54:26.833;05-03-2025 01:49:15.495;311338
2;05-03-2025 01:54:29.180;05-03-2025 01:49:15.495;313685
2;05-03-2025 01:54:31.687;05-03-2025 01:49:15.495;316192
2;05-03-2025 01:54:33.599;05-03-2025 01:49:15.495;318104
2;05-03-2025 01:54:38.609;05-03-2025 01:49:15.495;323114
2;05-03-2025 01:54:40.268;05-03-2025 01:49:15.495;324773
1;05-03-2025 01:54:40.335;05-03-2025 01:50:01.108;279227
1;05-03-2025 01:54:44.783;05-03-2025 01:50:01.108;283675
1;05-03-2025 01:54:47.488;05-03-2025 01:50:01.108;286380
1;05-03-2025 01:54:47.803;05-03-2025 01:50:01.108;286695
1;05-03-2025 01:54:52.372;05-03-2025 01:50:01.108;291264
2;05-03-2025 01:54:58.392;05-03-2025 01:49:15.495;342897
2;05-03-2025 01:55:00.153;05-03-2025 01:49:15.495;344658
1;05-03-2025 01:55:01.278;05-03-2025 01:50:01.108;300170
1;05-03-2025 01:55:01.327;05-03-2025 01:50:01.108;300219
1;05-03-2025 01:55:01.716;05-03-2025 01:50:01.108;300608
2;05-03-2025 01:55:03.684;05-03-2025 01:49:15.495;348189
2;05-03-2025 01:55:07.794;05-03-2025 01:49:15.495;352299
1;05-03-2025 01:55:09.090;05-03-2025 01:50:01.108;307982
2;05-03-2025 01:55:09.384;05-03-2025 01:49:15.495;353889
2;05-03-2025 01:55:10.362;05-03-2025 01:49:15.495;354867
1;05-03-2025 01:55:15.595;05-03-2025 01:50:01.108;314487
2;05-03-2025 01:55:20.631;05-03-2025 01:49:15.495;365136
2;05-03-2025 01:55:25.165;05-03-2025 01:49:15.495;369670
1;05-03-2025 01:55:26.905;05-03-2025 01:50:01.108;325797
2;05-03-2025 01:55:31.206;05-03-2025 01:49:15.495;375711
1;05-03-2025 01:55:36.607;05-03-2025 01:50:01.108;335499
1;05-03-2025 01:55:39.906;05-03-2025 01:50:01.108;338798
2;05-03-2025 01:55:40.421;05-03-2025 01:49:15.495;384926
1;05-03-2025 01:55:43.188;05-03-2025 01:50:01.108;342080
2;05-03-2025 01:55:45.823;05-03-2025 01:49:15.495;390328
1;05-03-2025 01:55:45.867;05-03-2025 01:50:01.108;344759
2;05-03-2025 01:55:47.600;05-03-2025 01:49:15.495;392105
2;05-03-2025 01:55:48.539;05-03-2025 01:49:15.495;393044
1;05-03-2025 01:55:51.501;05-03-2025 01:55:48.074;3427
1;05-03-2025 01:55:54.668;05-03-2025 01:55:53.268;1400
2;05-03-2025 01:55:56.896;05-03-2025 01:49:15.495;401401
2;05-03-2025 01:56:03.985;05-03-2025 01:49:15.495;408490
1;05-03-2025 01:56:06.532;05-03-2025 01:56:03.326;3206
2;05-03-2025 01:56:07.143;05-03-2025 01:49:15.495;411648
1;05-03-2025 01:56:08.263;05-03-2025 01:56:08.200;63
1;05-03-2025 01:56:08.820;05-03-2025 01:56:08.200;620
1;05-03-2025 01:56:13.923;05-03-2025 01:56:13.432;491
2;05-03-2025 01:56:18.064;05-03-2025 01:49:15.495;422569
1;05-03-2025 01:56:20.755;05-03-2025 01:56:18.199;2556
2;05-03-2025 01:56:20.805;05-03-2025 01:49:15.495;425310
1;05-03-2025 01:56:21.766;05-03-2025 01:56:18.199;3567
2;05-03-2025 01:56:22.393;05-03-2025 01:49:15.495;426898
2;05-03-2025 01:56:23.081;05-03-2025 01:49:15.495;427586
2;05-03-2025 01:56:26.536;05-03-2025 01:49:15.495;431041
2;05-03-2025 01:56:30.118;05-03-2025 01:49:15.495;434623
2;05-03-2025 01:56:37.779;05-03-2025 01:49:15.495;442284
2;05-03-2025 01:56:46.886;05-03-2025 01:49:15.495;451391
2;05-03-2025 01:56:52.453;05-03-2025 01:49:15.495;456958
2;05-03-2025 01:56:56.345;05-03-2025 01:49:15.495;460850
2;05-03-2025 01:57:01.654;05-03-2025 01:49:15.495;466159
2;05-03-2025 01:57:05.571;05-03-2025 01:49:15.495;470076
2;05-03-2025 01:57:08.687;05-03-2025 01:49:15.495;473192
2;05-03-2025 01:57:20.739;05-03-2025 01:49:15.495;485244
2;05-03-2025 01:57:23.165;05-03-2025 01:49:15.495;487670
2;05-03-2025 01:57:25.159;05-03-2025 01:49:15.495;489664
2;05-03-2025 01:57:26.660;05-03-2025 01:49:15.495;491165
2;05-03-2025 01:57:33.538;05-03-2025 01:49:15.495;498043
2;05-03-2025 01:57:42.267;05-03-2025 01:49:15.495;506772
2;05-03-2025 01:57:52.643;05-03-2025 01:49:15.495;517148
2;05-03-2025 01:57:53.528;05-03-2025 01:49:15.495;518033
2;05-03-2025 01:58:05.348;05-03-2025 01:49:15.495;529853
2;05-03-2025 01:58:07.585;05-03-2025 01:49:15.495;532090
2;05-03-2025 01:58:09.314;05-03-2025 01:49:15.495;533819
2;05-03-2025 01:58:16.116;05-03-2025 01:49:15.495;540621
2;05-03-2025 01:58:17.493;05-03-2025 01:49:15.495;541998
2;05-03-2025 01:58:17.580;05-03-2025 01:49:15.495;542085
2;05-03-2025 01:58:28.490;05-03-2025 01:49:15.495;552995
2;05-03-2025 01:58:30.958;05-03-2025 01:49:15.495;555463
2;05-03-2025 01:58:40.304;05-03-2025 01:49:15.495;564809
2;05-03-2025 01:58:44.387;05-03-2025 01:49:15.495;568892
2;05-03-2025 01:58:44.556;05-03-2025 01:49:15.495;569061
2;05-03-2025 01:58:45.895;05-03-2025 01:49:15.495;570400
2;05-03-2025 01:59:02.319;05-03-2025 01:49:15.495;586824
2;05-03-2025 01:59:02.369;05-03-2025 01:49:15.495;586874
2;05-03-2025 01:59:05.850;05-03-2025 01:49:15.495;590355
2;05-03-2025 01:59:09.751;05-03-2025 01:49:15.495;594256
2;05-03-2025 01:59:22.164;05-03-2025 01:49:15.495;606669
2;05-03-2025 01:59:23.099;05-03-2025 01:49:15.495;607604
2;05-03-2025 01:59:29.189;05-03-2025 01:49:15.495;613694
2;05-03-2025 01:59:31.460;05-03-2025 01:49:15.495;615965
2;05-03-2025 01:59:31.656;05-03-2025 01:49:15.495;616161
2;05-03-2025 01:59:43.564;05-03-2025 01:49:15.495;628069
2;05-03-2025 01:59:57.361;05-03-2025 01:49:15.495;641866
2;05-03-2025 02:00:00.101;05-03-2025 01:49:15.495;644606
2;05-03-2025 02:00:01.673;05-03-2025 01:49:15.495;646178
2;05-03-2025 02:00:01.919;05-03-2025 01:49:15.495;646424
2;05-03-2025 02:00:14.616;05-03-2025 01:49:15.495;659121
2;05-03-2025 02:00:19.153;05-03-2025 01:49:15.495;663658
2;05-03-2025 02:00:21.455;05-03-2025 01:49:15.495;665960
2;05-03-2025 02:00:24.964;05-03-2025 01:49:15.495;669469
2;05-03-2025 02:00:28.042;05-03-2025 01:49:15.495;672547
2;05-03-2025 02:00:31.839;05-03-2025 01:49:15.495;676344
2;05-03-2025 02:00:48.976;05-03-2025 01:49:15.495;693481
2;05-03-2025 02:00:49.543;05-03-2025 01:49:15.495;694048
2;05-03-2025 02:00:49.862;05-03-2025 01:49:15.495;694367
2;05-03-2025 02:01:03.822;05-03-2025 01:49:15.495;708327
2;05-03-2025 02:01:06.403;05-03-2025 01:49:15.495;710908
2;05-03-2025 02:01:14.450;05-03-2025 01:49:15.495;718955
2;05-03-2025 02:01:17.914;05-03-2025 01:49:15.495;722419
2;05-03-2025 02:01:24.751;05-03-2025 01:49:15.495;729256
2;05-03-2025 02:01:27.427;05-03-2025 01:49:15.495;731932
2;05-03-2025 02:01:30.288;05-03-2025 01:49:15.495;734793
2;05-03-2025 02:01:36.940;05-03-2025 01:49:15.495;741445
2;05-03-2025 02:01:41.060;05-03-2025 01:49:15.495;745565
2;05-03-2025 02:01:44.632;05-03-2025 02:01:43.004;1628
2;05-03-2025 02:01:49.143;05-03-2025 02:01:48.403;740
2;05-03-2025 02:01:50.690;05-03-2025 02:01:48.403;2287
2;05-03-2025 02:01:52.091;05-03-2025 02:01:48.403;3688
2;05-03-2025 02:01:52.104;05-03-2025 02:01:48.403;3701
2;05-03-2025 02:02:01.908;05-03-2025 02:01:58.082;3826
2;05-03-2025 02:02:02.558;05-03-2025 02:01:58.082;4476
2;05-03-2025 02:02:16.637;05-03-2025 02:02:12.977;3660
2;05-03-2025 02:02:21.612;05-03-2025 02:02:18.114;3498
2;05-03-2025 02:02:41.990;05-03-2025 02:02:38.062;3928
3;05-03-2025 02:17:42.883;05-03-2025 02:17:37.903;4980
3;05-03-2025 02:17:47.884;05-03-2025 02:17:37.903;9981
3;05-03-2025 02:17:52.887;05-03-2025 02:17:37.903;14984
3;05-03-2025 02:17:57.883;05-03-2025 02:17:37.903;19980
3;05-03-2025 02:18:02.883;05-03-2025 02:17:37.903;24980
3;05-03-2025 02:18:07.884;05-03-2025 02:17:37.903;29981
3;05-03-2025 02:18:12.884;05-03-2025 02:17:37.903;34981
3;05-03-2025 02:18:17.884;05-03-2025 02:17:37.903;39981
3;05-03-2025 02:18:22.883;05-03-2025 02:17:37.903;44980
3;05-03-2025 02:18:27.882;05-03-2025 02:17:37.903;49979
3;05-03-2025 02:18:32.884;05-03-2025 02:17:37.903;54981
